-- phpMyAdmin SQL Dump
-- version 4.9.0.1
-- https://www.phpmyadmin.net/
--
-- Host: localhost:3307
-- Generation Time: Jul 20, 2019 at 01:21 PM
-- Server version: 5.7.23
-- PHP Version: 7.1.30

SET SQL_MODE = "NO_AUTO_VALUE_ON_ZERO";
SET AUTOCOMMIT = 0;
START TRANSACTION;
SET time_zone = "+00:00";


/*!40101 SET @OLD_CHARACTER_SET_CLIENT=@@CHARACTER_SET_CLIENT */;
/*!40101 SET @OLD_CHARACTER_SET_RESULTS=@@CHARACTER_SET_RESULTS */;
/*!40101 SET @OLD_COLLATION_CONNECTION=@@COLLATION_CONNECTION */;
/*!40101 SET NAMES utf8mb4 */;

--
-- Database: `cs6400_su19_team023`
--

-- --------------------------------------------------------

--
-- Table structure for table `Business`
--

CREATE TABLE `Business` (
  `TIN` varchar(100) COLLATE utf8mb4_unicode_ci NOT NULL,
  `b_name` varchar(200) COLLATE utf8mb4_unicode_ci NOT NULL,
  `c_first_name` varchar(200) COLLATE utf8mb4_unicode_ci NOT NULL,
  `c_last_name` varchar(100) COLLATE utf8mb4_unicode_ci NOT NULL,
  `title` varchar(100) COLLATE utf8mb4_unicode_ci NOT NULL,
  `customerID` int(16) UNSIGNED NOT NULL
) ENGINE=InnoDB DEFAULT CHARSET=utf8mb4 COLLATE=utf8mb4_unicode_ci;

--
-- Dumping data for table `Business`
--

INSERT INTO `Business` (`TIN`, `b_name`, `c_first_name`, `c_last_name`, `title`, `customerID`) VALUES
('00-6186900', 'Labdrill', 'Olive', 'Kiel', 'Manager L3', 136),
('08-9519988', 'Hatfan', 'Maurine', 'Briddick', 'Associate Manager M8', 164),
('09-2477131', 'year-job', 'Jerry', 'Darakjy', 'Scientist L2', 153),
('10-1885341', 'Betatech', 'Lai', 'Shin', 'Senior Scientist R1', 142),
('12-2459515', 'Nam-zim', 'Lonny', 'Marrier', 'SalesRep M9', 145),
('12-8194115', 'Hottechi', 'Katina', 'Layous', 'Scientist M9', 165),
('15-6515230', 'Yearin', 'Taryn', 'Slayton', 'SalesRep L5', 134),
('17-8311836', 'Warephase', 'Raymon', 'Wenner', 'Researcher M4', 125),
('18-6868850', 'Sunnamplex', 'Lavonda', 'Juvera', 'Director R8', 159),
('19-6241359', 'dambase', 'Tawna', 'Tomasulo', 'Associate Fellow M4', 163),
('21-0607602', 'Ron-tech', 'Blair', 'Sawchuk', 'Senior Manager M4', 161),
('25-2484659', 'Groovestreet', 'Paz', 'Blunk', 'Senior Director R8', 150),
('25-8509075', 'Zencorporation', 'Eun', 'Bolognia', 'Senior Director M3', 152),
('26-0493429', 'Silis', 'Kanisha', 'Rowling', 'Director M3', 135),
('27-2108866', 'Toughzap', 'Ettie', 'Shin', 'Senior Director R8', 160),
('33-3122572', 'Blackzim', 'Dominque', 'Venere', 'Senior Scientist M9', 132),
('34-4111553', 'Labdrill', 'Alease', 'Regusters', 'Researcher L3', 138),
('34-9450658', 'Finhigh', 'Mollie', 'Nestle', 'Senior Manager R8', 155),
('35-0728111', 'Fasehatice', 'Chantell', 'Kulzer', 'Director R7', 141),
('37-0917926', 'Statholdings', 'Frederica', 'Lietz', 'Senior Director L4', 156),
('38-0990951', 'Lexiqvolax', 'Carmela', 'Scipione', 'Fellow R7', 148),
('38-5715366', 'J-Texon', 'Louvenia', 'Bevelacqua', 'Senior Director L4', 147),
('39-7861291', 'Plexzap', 'Carey', 'Mconnell', 'Associate Director L4', 149),
('41-5753983', 'Xx-zobam', 'Vilma', 'Bartolet', 'Senior Director R9', 151),
('43-0143820', 'Plussunin', 'Tresa', 'Liukko', 'Associate Fellow R3', 128),
('43-4733948', 'Goodsilron', 'Lai', 'Storment', 'Associate Manager M7', 139),
('53-2746024', 'Warephase', 'Hoa', 'Varriano', 'Associate Director M1', 129),
('53-5128822', 'Iselectrics', 'Emerson', 'Mirafuentes', 'Associate Fellow M2', 143),
('60-8943972', 'Iselectrics', 'Golda', 'Raymo', 'Senior Director L2', 154),
('62-2765556', 'Kan-code', 'Truman', 'Miro', 'Senior Director L2', 133),
('66-0947691', 'Zotware', 'Eladia', 'Castros', 'Senior Director M5', 137),
('68-0050695', 'Donware', 'Markus', 'Bruschke', 'SalesRep R2', 158),
('73-9308544', 'Cancity', 'Irma', 'Monarrez', 'Manager R8', 131),
('75-4600214', 'Ron-tech', 'Ilene', 'Fishburne', 'Scientist R1', 162),
('75-7314641', 'Openlane', 'France', 'Gleich', 'Manager R3', 130),
('80-2924796', 'J-Texon', 'Twana', 'Rulapaugh', 'Researcher R5', 157),
('88-2511678', 'Inity', 'Olive', 'Lueckenbach', 'Director R4', 127),
('93-6088457', 'Zencorporation', 'Talia', 'Vizarro', 'Executive Manager R7', 126),
('94-0706896', 'Mathtouch', 'Valentine', 'Kulzer', 'Senior Manager M1', 144),
('96-4982785', 'Bioholding', 'Levi', 'Chesterfield', 'Senior Scientist M4', 140),
('97-4309225', 'Bioplex', 'Janine', 'Baltimore', 'Senior Manager L2', 146);

-- --------------------------------------------------------

--
-- Table structure for table `Colors`
--

CREATE TABLE `Colors` (
  `color` varchar(100) COLLATE utf8mb4_unicode_ci DEFAULT NULL
) ENGINE=InnoDB DEFAULT CHARSET=utf8mb4 COLLATE=utf8mb4_unicode_ci;

--
-- Dumping data for table `Colors`
--

INSERT INTO `Colors` (`color`) VALUES
('Aluminum'),
('Beige'),
('Black'),
('Blue'),
('Bronze'),
('Brown'),
('Claret'),
('Copper'),
('Cream'),
('Gold'),
('Gray'),
('Green'),
('Maroon'),
('Metallic'),
('Navy'),
('Orange'),
('Pink'),
('Purple'),
('Red'),
('Rose'),
('Rust'),
('Silver'),
('Tan'),
('Turquoise'),
('White'),
('Yellow');

-- --------------------------------------------------------

--
-- Table structure for table `Customer`
--

CREATE TABLE `Customer` (
  `customerID` int(16) UNSIGNED NOT NULL,
  `phone` varchar(100) COLLATE utf8mb4_unicode_ci NOT NULL,
  `email` varchar(250) COLLATE utf8mb4_unicode_ci DEFAULT NULL,
  `street` varchar(100) COLLATE utf8mb4_unicode_ci NOT NULL,
  `city` varchar(100) COLLATE utf8mb4_unicode_ci NOT NULL,
  `state` varchar(100) COLLATE utf8mb4_unicode_ci NOT NULL,
  `postal_code` varchar(100) COLLATE utf8mb4_unicode_ci NOT NULL
) ENGINE=InnoDB DEFAULT CHARSET=utf8mb4 COLLATE=utf8mb4_unicode_ci;

--
-- Dumping data for table `Customer`
--

INSERT INTO `Customer` (`customerID`, `phone`, `email`, `street`, `city`, `state`, `postal_code`) VALUES
(1, '663692676', 'kfarrow@gogozoom.com', '2241 9-street', 'St. Paul', 'OH', '9779'),
(2, '8315356658', 'ntoelkes@iselectrics.com', '8050 11-street', 'Henderson', 'NE', '94296'),
(3, '6850141056', 'lferencz@streethex.com', '7582 7-street', 'Fort Wayne', 'FL', '97639'),
(4, '6568801094', 'lmonarrez@doncon.com', '6786 21-street', 'Scottsdale', 'NV', '80515'),
(5, '4856335522', 'rdelasancha@stanredtax.com', '5214 17-street', 'St. Louis', 'CA', '66315'),
(6, '9425991853', 'ahughey@dambase.com', '1719 20-street', 'Oklahoma City', 'KY', '10898'),
(7, '5575984000', '', '9824 9-street', 'Wichita', 'TX', '12236'),
(8, '5858632305', 'ebaltimore@singletechno.com', '6792 5-street', 'Jacksonville', 'FL', '71766'),
(9, '3742674013', 'jfern@bioplex.com', '793 8-street', 'New York', 'NY', '99051'),
(10, '1387530559', 'faquas@scottech.com', '5376 2-street', 'Arlington', 'LA', '78037'),
(11, '1579571338', 'mharoldson@sumace.com', '4203 19-street', 'Los Angeles', 'CA', '95231'),
(12, '4940003129', 'mmalvin@funholding.com', '4019 5-street', 'Aurora', 'CA', '53539'),
(13, '6744378134', 'hmontezuma@donware.com', '648 12-street', 'North Las Vegas', 'CA', '54125'),
(14, '8250500917', 'jmunis@gogozoom.com', '5943 8-street', 'Wichita', 'TX', '29847'),
(15, '8862184577', 'vparvis@opentech.com', '7282 17-street', 'Plano', 'NV', '12480'),
(16, '5896714927', 'ltomasulo@blackzim.com', '8634 11-street', 'San Francisco', 'CA', '98229'),
(17, '9161351894', 'jpinilla@openlane.com', '1838 2-street', 'Mesa', 'VA', '21902'),
(18, '9796761201', 'dgalam@lexiqvolax.com', '2852 9-street', 'Reno', 'VA', '59227'),
(19, '6411017442', 'mbutt@plexzap.com', '2910 16-street', 'Fort Worth', 'TX', '68619'),
(20, '6596733592', 'ljurney@konmatfix.com', '6627 16-street', 'Charlotte', 'NC', '38430'),
(21, '5654051915', 'kbourbon@scotfind.com', '3155 3-street', 'Las Vegas', 'WI', '9573'),
(22, '4915233597', 'scomnick@streethex.com', '3460 15-street', 'Chicago', 'IL', '61708'),
(23, '6663567812', 'dhoneywell@blackzim.com', '3860 16-street', 'Stockton', 'OH', '70202'),
(24, '9509224748', 'lshinko@plussunin.com', '4666 10-street', 'Boston', 'TN', '61462'),
(25, '1587263688', 'bsaylors@codehow.com', '6008 14-street', 'Honolulu', 'CO', '96626'),
(26, '247749496', 'lrhoden@golddex.com', '8102 19-street', 'Los Angeles', 'CA', '14989'),
(27, '9991476373', 'lgillaspie@zencorporation.com', '9349 13-street', 'Reno', 'VA', '3955'),
(28, '5139591614', 'cgoldammer@silis.com', '3758 3-street', 'Houston', 'TX', '93403'),
(29, '7988113075', 'jfigeroa@faxquote.com', '9685 2-street', 'Boston', 'TN', '22976'),
(30, '1252295282', 'yturinetti@j-texon.com', '5310 19-street', 'Cincinnati', 'MN', '83089'),
(31, '1574497569', 'jfortino@finjob.com', '7535 13-street', 'New Orleans', 'CA', '21560'),
(32, '6254507435', 'lpawlowicz@gogozoom.com', '9893 13-street', 'Madison', 'TX', '95139'),
(33, '2702089410', 'lrantanen@plusstrip.com', '5202 20-street', 'Fort Worth', 'TX', '91740'),
(34, '1577607406', '', '63 19-street', 'Orlando', 'FL', '68407'),
(35, '3539684893', 'lhalter@openlane.com', '350 5-street', 'Colorado Springs', 'NE', '8954'),
(36, '3963308236', 'sgiguere@finjob.com', '3394 11-street', 'Virginia Beach', 'GA', '21078'),
(37, '213399946', 'tmconnell@zumgoity.com', '438 4-street', 'Riverside', 'TX', '71675'),
(38, '720363016', 'abitsuie@xx-zobam.com', '7156 12-street', 'Plano', 'NV', '90870'),
(39, '1974184430', 'bmunns@codehow.com', '6534 7-street', 'Columbus', 'OH', '28691'),
(40, '7239819567', 'ddilello@rantouch.com', '5496 3-street', 'Denver', 'CO', '6934'),
(41, '2294596620', 'titurbide@rangreen.com', '9483 7-street', 'Anchorage', 'CA', '68807'),
(42, '505368401', 'dferencz@konex.com', '1013 15-street', 'Chula Vista', 'IN', '16752'),
(43, '5753398951', 'ndilliard@hottechi.com', '9510 18-street', 'Long Beach', 'MO', '9794'),
(44, '5341057929', 'tregusters@ganjaflex.com', '9675 2-street', 'Jersey City', 'CA', '70105'),
(45, '6430223893', 'cleto@ontomedia.com', '3244 1-street', 'Plano', 'NV', '60791'),
(46, '4303290648', 'ykonopacki@plusstrip.com', '1138 17-street', 'St. Petersburg', 'AZ', '99882'),
(47, '6582231709', 'lhoffis@singletechno.com', '5810 1-street', 'Greensboro', 'NJ', '23981'),
(48, '9248918714', 'pmartabano@doncon.com', '2985 14-street', 'Los Angeles', 'CA', '87682'),
(49, '8799619111', 'chollack@zoomit.com', '3224 16-street', 'Sacramento', 'CA', '24724'),
(50, '9968600599', 'aagramonte@isdom.com', '8098 20-street', 'Wichita', 'TX', '49318'),
(51, '368278690', 'amaybury@finhigh.com', '3899 6-street', 'Boise City', 'VA', '23115'),
(52, '8740455825', 'ydegroot@stanredtax.com', '9146 8-street', 'Oklahoma City', 'KY', '78936'),
(53, '1448914508', 'awildfong@gogozoom.com', '6043 6-street', 'Dallas', 'TX', '21023'),
(54, '4584955666', 'rskulski@sonron.com', '3367 4-street', 'Madison', 'TX', '13950'),
(55, '3331922115', 'dsarao@golddex.com', '4454 14-street', 'Buffalo', 'NJ', '98345'),
(56, '7397974944', 'akusko@zencorporation.com', '3583 21-street', 'Houston', 'TX', '61159'),
(57, '291639883', 'tradde@stanredtax.com', '196 14-street', 'San Diego', 'CA', '63845'),
(58, '9396666663', 'ezurcher@bioplex.com', '6175 17-street', 'Jacksonville', 'FL', '13791'),
(59, '1187497771', 'cstoltzman@rundofase.com', '5437 3-street', 'Irving', 'AZ', '89091'),
(60, '7771651721', 'chellickson@donware.com', '1196 18-street', 'Wichita', 'TX', '27818'),
(61, '8985019834', 'qcantres@lexiqvolax.com', '4691 12-street', 'Minneapolis', 'OK', '93225'),
(62, '8468971957', 'eschieler@blackzim.com', '6810 18-street', 'Indianapolis', 'IN', '13749'),
(63, '1374181394', 'smaybury@bioplex.com', '3096 19-street', 'Baton Rouge', 'TX', '62255'),
(64, '1107569648', '', '5135 21-street', 'Los Angeles', 'CA', '16330'),
(65, '9680830274', 'hwaymire@newex.com', '1130 3-street', 'Baltimore', 'OK', '28902'),
(66, '4693228016', 'ahidvegi@scotfind.com', '5887 16-street', 'Mesa', 'VA', '78558'),
(67, '4184402236', 'jlukasik@xx-holding.com', '9487 7-street', 'Cleveland', 'KS', '17954'),
(68, '1529913151', 'bonofrio@scotfind.com', '9737 7-street', 'Seattle', 'WA', '12926'),
(69, '706470748', 'yfelger@groovestreet.com', '2680 7-street', 'Baltimore', 'OK', '83300'),
(70, '1455563822', 'svinning@domzoom.com', '712 19-street', 'Houston', 'TX', '4775'),
(71, '9963348430', 'afillingim@kan-code.com', '8691 9-street', 'Indianapolis', 'IN', '6705'),
(72, '728931740', 'amorocco@stanredtax.com', '226 14-street', 'Tucson', 'CA', '80383'),
(73, '5788081288', 'wbreland@konmatfix.com', '2359 5-street', 'Oklahoma City', 'KY', '68456'),
(74, '7150655947', '', '9534 1-street', 'Glendale', 'TX', '71607'),
(75, '3908583441', 'hherritt@dalttechnology.com', '7044 16-street', 'Dallas', 'TX', '53850'),
(76, '675048928', 'kgudroe@plussunin.com', '4876 9-street', 'Lexington-Fayette', 'PA', '27546'),
(77, '3761032673', 'jbiddy@iselectrics.com', '200 18-street', 'Lincoln', 'NY', '65794'),
(78, '2533720672', 'lahle@goodsilron.com', '3433 21-street', 'Jersey City', 'CA', '97554'),
(79, '7732242202', 'ejuhas@warephase.com', '9582 11-street', 'Seattle', 'WA', '96264'),
(80, '1678547402', 'nschemmer@zencorporation.com', '3726 8-street', 'Baltimore', 'OK', '33994'),
(81, '8898240201', 'jdemesa@scottech.com', '9597 6-street', 'Garland', 'FL', '23856'),
(82, '3915729799', 'jglick@goodsilron.com', '6402 7-street', 'Irvine', 'NC', '16724'),
(83, '4752675684', 'xgochal@donquadtech.com', '8284 1-street', 'Tucson', 'CA', '49195'),
(84, '3317859541', 'cbenimadho@newex.com', '6150 17-street', 'Norfolk', 'NC', '3321'),
(85, '7577634102', 'tbachman@konex.com', '237 5-street', 'St. Louis', 'CA', '43201'),
(86, '5318388770', 'ekines@donware.com', '419 6-street', 'Columbus', 'OH', '7051'),
(87, '2738568375', 'tlinahan@labdrill.com', '1604 1-street', 'Omaha', 'NC', '3539'),
(88, '5596686485', 'jkoppinger@bioplex.com', '4940 2-street', 'Anaheim', 'CA', '79483'),
(89, '5571476773', 'hauffrey@domzoom.com', '7876 13-street', 'Anchorage', 'CA', '60946'),
(90, '2413273945', 'cpadilla@codehow.com', '9723 1-street', 'Chandler', 'TX', '94525'),
(91, '2977557657', 'tfrerking@plexzap.com', '7175 16-street', 'Cincinnati', 'MN', '17189'),
(92, '8937050319', 'rmaynerich@zumgoity.com', '9964 12-street', 'New York', 'NY', '2933'),
(93, '9353320487', 'ijayson@cancity.com', '7754 16-street', 'Charlotte', 'NC', '89983'),
(94, '1859590014', 'cgibes@dontechi.com', '5092 20-street', 'Tulsa', 'OH', '36477'),
(95, '4406850849', 'dengelberg@rantouch.com', '914 20-street', 'San Antonio', 'TX', '68448'),
(96, '2439635928', 'apinilla@ron-tech.com', '4911 3-street', 'Chula Vista', 'IN', '14642'),
(97, '4935277297', 'bgellinger@green-plus.com', '8904 1-street', 'Honolulu', 'CO', '22824'),
(98, '6222810837', 'donofrio@warephase.com', '2749 6-street', 'Charlotte', 'NC', '98482'),
(99, '1353591607', 'cacey@nam-zim.com', '3638 10-street', 'Houston', 'TX', '87596'),
(100, '4902392607', 'kkippley@stanredtax.com', '1228 6-street', 'Hialeah', 'NV', '21726'),
(101, '5201367484', 'tfunnell@zoomit.com', '3334 8-street', 'Austin', 'TX', '72284'),
(102, '2831852567', 'ngiguere@silis.com', '9998 18-street', 'Nashville-Davidson', 'MD', '74375'),
(103, '1680591543', 'dperin@doncon.com', '8884 9-street', 'Sacramento', 'CA', '56712'),
(104, '9342834158', 'mdilello@openlane.com', '5573 7-street', 'Bakersfield', 'FL', '54549'),
(105, '838636926', '', '8665 18-street', 'Detroit', 'MI', '89762'),
(106, '9460075046', 'klace@finjob.com', '609 14-street', 'Omaha', 'NC', '98545'),
(107, '2563801437', '', '5398 12-street', 'Lubbock', 'CA', '18344'),
(108, '3232843344', 'khalter@betatech.com', '6938 7-street', 'Albuquerque', 'AZ', '92207'),
(109, '9481709095', '', '703 20-street', 'Fort Worth', 'TX', '58757'),
(110, '3841718234', 'aogg@dalttechnology.com', '4250 21-street', 'Virginia Beach', 'GA', '70041'),
(111, '9596403978', 'dsetter@zumgoity.com', '9246 12-street', 'Corpus Christi', 'KY', '96337'),
(112, '8502719603', 'nperez@blackzim.com', '2904 21-street', 'Memphis', 'TN', '41308'),
(113, '5466289697', 'nsemidey@blackzim.com', '5274 2-street', 'New York', 'NY', '5501'),
(114, '7180122511', 'sisaacs@goodsilron.com', '3397 3-street', 'Denver', 'CO', '91136'),
(115, '4267282394', 'anunlee@zencorporation.com', '8575 14-street', 'Austin', 'TX', '30398'),
(116, '4754848228', 'jgotter@dontechi.com', '5969 13-street', 'Buffalo', 'NJ', '66988'),
(117, '1020207641', 'oostrosky@faxquote.com', '1895 11-street', 'Fort Worth', 'TX', '54411'),
(118, '389051409', 'eluczki@hatfan.com', '3968 4-street', 'Newark', 'TX', '26131'),
(119, '7269642762', 'ebarfield@betasoloin.com', '2150 20-street', 'San Francisco', 'CA', '69842'),
(120, '6762288681', 'jwitten@toughzap.com', '3171 20-street', 'Nashville-Davidson', 'MD', '86587'),
(121, '1675218251', 'llinahan@finjob.com', '5462 20-street', 'Denver', 'CO', '59180'),
(122, '9919665090', 'mcentini@singletechno.com', '5345 16-street', 'Reno', 'VA', '79485'),
(123, '4246621714', 'scloney@konmatfix.com', '5861 16-street', 'Kansas City', 'AZ', '24586'),
(124, '6288898018', 'amaile@conecom.com', '7350 8-street', 'Portland', 'NV', '32773'),
(125, '618710071', 'arentfro@domzoom.com', '6729 13-street', 'Henderson', 'NE', '7428'),
(126, '2299669538', 'rreiber@dalttechnology.com', '4899 2-street', 'Detroit', 'MI', '49663'),
(127, '5588339447', 'lbevelacqua@konmatfix.com', '7730 4-street', 'Tampa', 'HI', '19012'),
(128, '4869498938', 'gcomnick@conecom.com', '7817 19-street', 'Memphis', 'TN', '6064'),
(129, '3963753798', 'lehmann@dontechi.com', '7687 5-street', 'Atlanta', 'CO', '18500'),
(130, '2122687338', 'tbartolet@xx-holding.com', '8458 18-street', 'Nashville-Davidson', 'MD', '64729'),
(131, '692888034', 'dkaniecki@funholding.com', '142 16-street', 'Los Angeles', 'CA', '70143'),
(132, '3347958726', '', '8743 3-street', 'Albuquerque', 'AZ', '57095'),
(133, '5857219334', 'sweight@dalttechnology.com', '5406 12-street', 'Santa Ana', 'MO', '67088'),
(134, '3845738997', 'dyglesias@silis.com', '840 4-street', 'Oakland', 'MN', '18815'),
(135, '1382305220', 'hcaiafa@codehow.com', '7260 3-street', 'Sacramento', 'CA', '45101'),
(136, '6422597429', 'epalaspas@stanredtax.com', '7367 5-street', 'Minneapolis', 'OK', '78814'),
(137, '8269013055', 'emauson@konmatfix.com', '6556 12-street', 'Oakland', 'MN', '27258'),
(138, '3880267245', 'hauffrey@sunnamplex.com', '3597 2-street', 'Fort Worth', 'TX', '16909'),
(139, '6670173598', 'earedondo@scottech.com', '8485 9-street', 'Fort Worth', 'TX', '38021'),
(140, '7577794453', 'ncolla@dambase.com', '9934 21-street', 'Oakland', 'MN', '43123'),
(141, '4968436811', 'ibrucato@stanredtax.com', '5872 2-street', 'Santa Ana', 'MO', '63822'),
(142, '718891515', 'tperin@blackzim.com', '6078 4-street', 'Anchorage', 'CA', '89677'),
(143, '4265505072', 'ckolmetz@warephase.com', '8251 15-street', 'Arlington', 'LA', '83488'),
(144, '9953808583', 'lhaufler@zathunicon.com', '2797 5-street', 'El Paso', 'TX', '45787'),
(145, '1267381896', 'jlindall@kinnamplus.com', '2802 21-street', 'North Las Vegas', 'CA', '82749'),
(146, '6460745453', 'estockham@y-corporation.com', '6657 14-street', 'Dallas', 'TX', '44760'),
(147, '1734123340', 'lcorbley@goodsilron.com', '9429 5-street', 'Irvine', 'NC', '23551'),
(148, '1325956157', 'dbrucato@plexzap.com', '8359 17-street', 'Colorado Springs', 'NE', '37713'),
(149, '6799503633', 'xscheyer@warephase.com', '4826 21-street', 'Baltimore', 'OK', '48572'),
(150, '8606030011', 'rblackwood@y-corporation.com', '4833 11-street', 'Austin', 'TX', '2720'),
(151, '7702201434', 'alorens@zencorporation.com', '564 7-street', 'Phoenix', 'AZ', '30761'),
(152, '9621955506', 'asweigard@kinnamplus.com', '5737 4-street', 'Boston', 'TN', '73659'),
(153, '527694166', 'dmiro@rundofase.com', '1297 8-street', 'Raleigh', 'FL', '54202'),
(154, '1326205709', '', '8257 14-street', 'Norfolk', 'NC', '96993'),
(155, '2216937687', 'bfrey@goodsilron.com', '9526 8-street', 'Anchorage', 'CA', '9544'),
(156, '5133181891', 'apoullion@year-job.com', '1018 7-street', 'Newark', 'TX', '25874'),
(157, '1295867444', 'fschemmer@toughzap.com', '8540 3-street', 'Anaheim', 'CA', '89578'),
(158, '4190403055', 'kehmann@newex.com', '9564 6-street', 'San Diego', 'CA', '14868'),
(159, '4943302000', 'nboord@betatech.com', '8045 10-street', 'Memphis', 'TN', '26029'),
(160, '2765842516', 'ltegarden@scotfind.com', '4630 14-street', 'Charlotte', 'NC', '91338'),
(161, '1352389656', '', '5697 4-street', 'Lexington-Fayette', 'PA', '64481'),
(162, '1320896761', 'rgato@bioholding.com', '439 15-street', 'Bakersfield', 'FL', '32198'),
(163, '9203540780', 'whengel@plexzap.com', '5374 19-street', 'Gilbert', 'LA', '18192'),
(164, '583472854', 'gleinenbach@betasoloin.com', '3646 6-street', 'Richmond', 'CA', '14113'),
(165, '9935571206', 'lkeener@betasoloin.com', '9593 5-street', 'Philadelphia', 'PA', '14670');

-- --------------------------------------------------------

--
-- Table structure for table `Determine`
--

CREATE TABLE `Determine` (
  `repairID` int(16) UNSIGNED NOT NULL,
  `VIN` varchar(100) COLLATE utf8mb4_unicode_ci NOT NULL,
  `inventory_clerk_username` varchar(100) COLLATE utf8mb4_unicode_ci NOT NULL
) ENGINE=InnoDB DEFAULT CHARSET=utf8mb4 COLLATE=utf8mb4_unicode_ci;

--
-- Dumping data for table `Determine`
--

INSERT INTO `Determine` (`repairID`, `VIN`, `inventory_clerk_username`) VALUES
(1, 'VROU7UEWYWK097688', 'user02'),
(2, 'VROU7UEWYWK097688', 'user02'),
(3, 'H7PM7E5LCY5894305', 'user02'),
(4, 'SGEAZM7OHRE981138', 'user02'),
(5, 'VROU7UEWYWK097688', 'user02'),
(6, 'L2G40AKW0DV261314', 'user02'),
(7, 'VROU7UEWYWK097688', 'user02'),
(8, 'ZIYO5EKWDKS246902', 'user02'),
(9, 'VROU7UEWYWK097688', 'user02'),
(10, 'EAJW0OF78HV386515', 'user02'),
(11, 'QNGJBXZ0ZPN690169', 'user02'),
(12, 'VROU7UEWYWK097688', 'user02'),
(13, 'C1OCSTQ1VP0823459', 'user02'),
(14, 'EAJW0OF78HV386515', 'user02'),
(15, '2CEDOZQS3WI014174', 'user02'),
(16, 'AKHFEO0D1D4893889', 'user02'),
(17, '7Y1EAHONCCS732936', 'user02'),
(18, 'RZ64Q4VF3EC682670', 'user02'),
(19, 'AKHFEO0D1D4893889', 'user02'),
(20, '6HKQMAEQ5PA690783', 'user02'),
(21, 'EAJW0OF78HV386515', 'user02'),
(22, 'RZ64Q4VF3EC682670', 'user02'),
(23, 'C1OCSTQ1VP0823459', 'user02'),
(24, 'AKHFEO0D1D4893889', 'user02'),
(25, 'EAJW0OF78HV386515', 'user02'),
(26, 'GB5EB3AIUD0242483', 'user02'),
(27, 'MW6HGX7M6O4186962', 'user02'),
(28, 'XK51E6IAGWW949280', 'user02'),
(29, 'L2G40AKW0DV261314', 'user02'),
(30, 'EMARJQJLUEI221810', 'user02'),
(31, 'VSGK3RYW2TC911641', 'user02'),
(32, 'I7CVVBU08H1044370', 'user02'),
(34, 'UEHE08QS622862172', 'user02'),
(35, 'AKHFEO0D1D4893889', 'user02'),
(36, 'IB3FDW7VPTE357125', 'user02'),
(37, 'C1OCSTQ1VP0823459', 'user02'),
(38, 'QNGJBXZ0ZPN690169', 'user02'),
(39, 'ZIYO5EKWDKS246902', 'user02'),
(40, 'AKHFEO0D1D4893889', 'user02'),
(41, 'QNGJBXZ0ZPN690169', 'user02'),
(42, 'ZS1SXM3GTO8957023', 'user02'),
(43, 'MW6HGX7M6O4186962', 'user02'),
(44, 'AKHFEO0D1D4893889', 'user02'),
(45, 'IB3FDW7VPTE357125', 'user02'),
(46, '1D377TZAWSW801985', 'user02'),
(47, 'H0SVSC0X1W0660350', 'user02'),
(48, 'MW6HGX7M6O4186962', 'user02'),
(49, 'ZS1SXM3GTO8957023', 'user02'),
(50, 'ZS1SXM3GTO8957023', 'user02'),
(52, 'SGEAZM7OHRE981138', 'user02'),
(53, 'C1OCSTQ1VP0823459', 'user02'),
(54, 'EMARJQJLUEI221810', 'user02'),
(55, 'AI51SMWRVBH997689', 'user02'),
(56, 'XLHSC830B4B709486', 'user02'),
(57, 'XG2F8AZ3DKK768039', 'user02'),
(58, '2KANK83IC2A444270', 'user02'),
(59, '38ZSAKVC20U930606', 'user02'),
(60, '7FT34LPXEKD855738', 'user02'),
(61, 'XOBOW6AU18A917853', 'user02'),
(62, '2KANK83IC2A444270', 'user02'),
(63, 'E64AFHYM7CM667399', 'user02'),
(65, 'H0SVSC0X1W0660350', 'user02'),
(66, 'MW6HGX7M6O4186962', 'user02'),
(67, 'EFUWNBMO3TM316916', 'user02'),
(68, 'SX73Y7QKKQF628146', 'user02'),
(69, '1EW5SWZMNBU661507', 'user02'),
(70, 'WJENS213H4U188325', 'user02'),
(71, 'VP0U4FNOL1Q272112', 'user02'),
(72, '2TN1NJUXESG344969', 'user02'),
(73, 'KIYTRMRZHSZ939929', 'user02'),
(74, 'EFUWNBMO3TM316916', 'user02'),
(75, 'H0SVSC0X1W0660350', 'user02'),
(76, 'XUV6JR4Q8SX652578', 'user02'),
(77, 'H0SVSC0X1W0660350', 'user02'),
(78, 'SX73Y7QKKQF628146', 'user02'),
(79, 'MW6HGX7M6O4186962', 'user02'),
(80, 'ZS1SXM3GTO8957023', 'user02'),
(81, 'V4JVFR4YRS7140562', 'user02'),
(82, 'BNWE37HKK6A465562', 'user02'),
(83, 'ZIYO5EKWDKS246902', 'user02'),
(84, 'LAW66TO51NY340329', 'user02'),
(85, 'E64AFHYM7CM667399', 'user02'),
(86, '426W8PU85BH593514', 'user02'),
(87, 'XOBOW6AU18A917853', 'user02'),
(88, 'IOCT8QVK86C997015', 'user02'),
(89, 'SX73Y7QKKQF628146', 'user02'),
(90, 'EFUWNBMO3TM316916', 'user02'),
(91, 'QNGJBXZ0ZPN690169', 'user02'),
(92, 'AI51SMWRVBH997689', 'user02'),
(93, 'SX73Y7QKKQF628146', 'user02'),
(94, 'JVUFO2OOZH6501609', 'user02'),
(95, 'ZS1SXM3GTO8957023', 'user02'),
(96, 'MW6HGX7M6O4186962', 'user02'),
(97, '7Y1EAHONCCS732936', 'user02'),
(98, '2TN1NJUXESG344969', 'user02'),
(99, 'XK51E6IAGWW949280', 'user02'),
(100, 'ZS1SXM3GTO8957023', 'user02'),
(101, '2KANK83IC2A444270', 'user02'),
(102, 'H0SVSC0X1W0660350', 'user02'),
(103, 'SX73Y7QKKQF628146', 'user02'),
(104, 'XLHSC830B4B709486', 'user02'),
(105, 'VP0U4FNOL1Q272112', 'user02'),
(106, 'EFUWNBMO3TM316916', 'user02'),
(107, 'IB3FDW7VPTE357125', 'user02'),
(108, '1D377TZAWSW801985', 'user02'),
(109, '426W8PU85BH593514', 'user02'),
(110, 'K23GQ1HYKID336715', 'user02'),
(111, '1RQR2NON75E373495', 'user02'),
(112, '7FT34LPXEKD855738', 'user02'),
(113, 'CHA3G8GE21K992177', 'user02'),
(114, 'VP0U4FNOL1Q272112', 'user02'),
(115, 'XUV6JR4Q8SX652578', 'user02'),
(116, 'L2G40AKW0DV261314', 'user02'),
(117, 'XG2F8AZ3DKK768039', 'user02'),
(118, 'E64AFHYM7CM667399', 'user02'),
(119, 'X7PFFGNBSQI524327', 'user02'),
(120, 'SX73Y7QKKQF628146', 'user02'),
(121, 'LAW66TO51NY340329', 'user02'),
(122, '6HKQMAEQ5PA690783', 'user02'),
(123, 'IB3FDW7VPTE357125', 'user02'),
(124, 'SX73Y7QKKQF628146', 'user02'),
(125, 'MW6HGX7M6O4186962', 'user02'),
(126, 'XOBOW6AU18A917853', 'user02'),
(127, 'VP0U4FNOL1Q272112', 'user02'),
(128, 'IB3FDW7VPTE357125', 'user02'),
(129, 'XLHSC830B4B709486', 'user02'),
(130, 'H0SVSC0X1W0660350', 'user02'),
(131, 'VSGK3RYW2TC911641', 'user02'),
(132, '6HKQMAEQ5PA690783', 'user02'),
(133, '7FT34LPXEKD855738', 'user02'),
(134, 'EBZZN84J0L1163524', 'user02'),
(135, '6D300ABH65P725391', 'user02'),
(136, 'OOXPL1JMKRX336822', 'user02'),
(137, 'XLHSC830B4B709486', 'user02'),
(138, 'LAW66TO51NY340329', 'user02'),
(139, 'X7PFFGNBSQI524327', 'user02'),
(140, '1WU1KQALZ75403546', 'user02'),
(141, 'SGEAZM7OHRE981138', 'user02'),
(142, 'IB3FDW7VPTE357125', 'user02'),
(143, 'K23GQ1HYKID336715', 'user02'),
(144, 'Z4RBIUHHJZS859016', 'user02'),
(145, 'GC225MTL5DF831250', 'user02'),
(146, 'X7PFFGNBSQI524327', 'user02'),
(147, 'LMC0DXV2F72475134', 'user02'),
(148, 'LAW66TO51NY340329', 'user02'),
(149, 'H0SVSC0X1W0660350', 'user02'),
(150, 'ZIYO5EKWDKS246902', 'user02'),
(151, 'VP0U4FNOL1Q272112', 'user02'),
(152, 'X7PFFGNBSQI524327', 'user02'),
(153, '2TN1NJUXESG344969', 'user02'),
(154, 'SGEAZM7OHRE981138', 'user02'),
(155, 'GKTLIDKGMZ6109105', 'user02'),
(156, 'QNGJBXZ0ZPN690169', 'user02'),
(157, 'L2G40AKW0DV261314', 'user02'),
(158, '31ZQB40Z55B784788', 'user02'),
(159, 'OOXPL1JMKRX336822', 'user02'),
(160, '7FT34LPXEKD855738', 'user02'),
(161, 'VSGK3RYW2TC911641', 'user02'),
(162, '3U3N6HS8K3V143011', 'user02'),
(163, 'NNLD761PGMY686484', 'user02'),
(164, '7FT34LPXEKD855738', 'user02'),
(165, 'LAW66TO51NY340329', 'user02'),
(166, 'XG2F8AZ3DKK768039', 'user02'),
(167, 'E64AFHYM7CM667399', 'user02'),
(168, 'WJUY8SU2JR0730363', 'user02'),
(169, 'NNLD761PGMY686484', 'user02'),
(170, 'CQCKR5VZRWO844951', 'user02'),
(171, 'SJV51DZQ416158315', 'user02'),
(172, 'MXF3EGT2PAG490479', 'user02'),
(173, 'NNLD761PGMY686484', 'user02'),
(174, 'VP0U4FNOL1Q272112', 'user02'),
(175, 'XUV6JR4Q8SX652578', 'user02'),
(176, '38ZSAKVC20U930606', 'user02'),
(177, 'CQCKR5VZRWO844951', 'user02'),
(178, '426W8PU85BH593514', 'user02'),
(179, '6D300ABH65P725391', 'user02'),
(180, 'K23GQ1HYKID336715', 'user02'),
(181, 'XK51E6IAGWW949280', 'user02'),
(182, 'LAW66TO51NY340329', 'user02'),
(183, 'XLHSC830B4B709486', 'user02'),
(184, 'XG2F8AZ3DKK768039', 'user02'),
(185, 'CQCKR5VZRWO844951', 'user02'),
(186, 'LAW66TO51NY340329', 'user02'),
(187, 'V4JVFR4YRS7140562', 'user02'),
(188, '8FX05ZAH64B316440', 'user02'),
(189, 'NNLD761PGMY686484', 'user02'),
(190, 'CNXWEAHRICK569430', 'user02'),
(191, 'IOCT8QVK86C997015', 'user02'),
(192, '0HJ3WSLKGZT340626', 'user02'),
(193, 'VSGK3RYW2TC911641', 'user02'),
(194, '41AHCTXZIUN699904', 'user02'),
(195, '05AJ273ZM02946325', 'user02'),
(196, 'IB3FDW7VPTE357125', 'user02'),
(197, 'GC225MTL5DF831250', 'user02'),
(198, 'WJENS213H4U188325', 'user02'),
(199, 'IKUQE1AIER1879688', 'user02'),
(200, 'WJUY8SU2JR0730363', 'user02'),
(201, 'CQCKR5VZRWO844951', 'user02'),
(202, 'GC225MTL5DF831250', 'user02'),
(203, '7FT34LPXEKD855738', 'user02'),
(204, '3U3N6HS8K3V143011', 'user02'),
(205, 'K23GQ1HYKID336715', 'user02'),
(206, 'LAW66TO51NY340329', 'user02'),
(207, 'XLHSC830B4B709486', 'user02'),
(208, 'NNLD761PGMY686484', 'user02'),
(209, '0HJ3WSLKGZT340626', 'user02'),
(210, 'CQCKR5VZRWO844951', 'user02'),
(211, 'K23GQ1HYKID336715', 'user02'),
(212, 'NNLD761PGMY686484', 'user02'),
(213, '5I71MA5PSO0445780', 'user02'),
(214, '31ZQB40Z55B784788', 'user02'),
(215, 'XLHSC830B4B709486', 'user02'),
(216, 'YSPKFT8VKW8617087', 'user02'),
(217, 'AZCPHC4R1RY522608', 'user02'),
(219, 'CQCKR5VZRWO844951', 'user02'),
(220, '2TN1NJUXESG344969', 'user02'),
(221, '0HJ3WSLKGZT340626', 'user02'),
(222, '8BPZY476GS8852305', 'user02'),
(223, '38ZSAKVC20U930606', 'user02'),
(224, 'IKUQE1AIER1879688', 'user02'),
(225, 'VP0U4FNOL1Q272112', 'user02'),
(226, 'OOXPL1JMKRX336822', 'user02'),
(227, 'MXF3EGT2PAG490479', 'user02'),
(228, '31ZQB40Z55B784788', 'user02'),
(229, 'I6M6GMQGG7C407268', 'user02'),
(230, '7FT34LPXEKD855738', 'user02'),
(231, 'VSGK3RYW2TC911641', 'user02'),
(232, 'I6M6GMQGG7C407268', 'user02'),
(233, '426W8PU85BH593514', 'user02'),
(234, 'GC225MTL5DF831250', 'user02'),
(235, 'B3V53WEVPX7253102', 'user02'),
(236, 'XK51E6IAGWW949280', 'user02'),
(237, 'AFTWPBMU2TA534019', 'user02'),
(238, 'B2JQXKMCCJ3730138', 'user02'),
(239, 'WJUY8SU2JR0730363', 'user02'),
(240, 'ABCX0O07N6F519334', 'user02'),
(241, 'WN6OY1F26X1741004', 'user02'),
(242, '1U4MXLVV84A726331', 'user02'),
(243, 'ATWA3W65LU2848535', 'user02'),
(244, '4G40BAXEV4V936460', 'user02'),
(245, 'WMXOWCZE1MO140134', 'user02'),
(246, '58SXUC0BZIA446980', 'user02'),
(247, 'K23GQ1HYKID336715', 'user02'),
(248, 'I6M6GMQGG7C407268', 'user02'),
(249, 'VSGK3RYW2TC911641', 'user02'),
(250, '2TN1NJUXESG344969', 'user02'),
(251, '4G40BAXEV4V936460', 'user02'),
(252, '31ZQB40Z55B784788', 'user02'),
(253, '7W7UDF3KP41966929', 'user02'),
(254, '05WXEVLB5X8956206', 'user02'),
(255, 'ZIYO5EKWDKS246902', 'user02'),
(256, '4G40BAXEV4V936460', 'user02'),
(257, 'IKUQE1AIER1879688', 'user02'),
(258, 'B2JQXKMCCJ3730138', 'user02'),
(259, 'WJUY8SU2JR0730363', 'user02'),
(260, 'AI51SMWRVBH997689', 'user02'),
(261, 'Z8UDI7LAGS7164830', 'user02'),
(262, 'A1NW00GFYRY803793', 'user02'),
(263, '31ZQB40Z55B784788', 'user02'),
(264, 'B2JQXKMCCJ3730138', 'user02'),
(265, 'IKUQE1AIER1879688', 'user02'),
(266, 'VP0U4FNOL1Q272112', 'user02'),
(267, '35TB5QWCJW0515619', 'user02'),
(268, 'NQC3ODNRG8W618383', 'user02'),
(269, 'IKUQE1AIER1879688', 'user02'),
(270, '8BPZY476GS8852305', 'user02'),
(271, 'BX1OSN5TZYU191007', 'user02'),
(272, 'GBA0V3Z00JI851102', 'user02'),
(273, '4G40BAXEV4V936460', 'user02'),
(274, 'ENHQ8WS125F354364', 'user02'),
(275, 'A1NW00GFYRY803793', 'user02'),
(276, 'ZIL5XS7BK6F565259', 'user02'),
(277, '3U3N6HS8K3V143011', 'user02'),
(278, 'K23GQ1HYKID336715', 'user02'),
(279, '7Y1EAHONCCS732936', 'user02'),
(280, 'BX1OSN5TZYU191007', 'user02'),
(281, '1U4MXLVV84A726331', 'user02'),
(282, 'CHA3G8GE21K992177', 'user02'),
(283, '1D377TZAWSW801985', 'user02'),
(284, 'SEXWGCZNLS4439650', 'user02'),
(285, '5I71MA5PSO0445780', 'user02'),
(286, 'BX1OSN5TZYU191007', 'user02'),
(287, '4G40BAXEV4V936460', 'user02'),
(288, 'LXLYHOV4G1Z722469', 'user02'),
(289, 'L2G40AKW0DV261314', 'user02'),
(290, 'VP0U4FNOL1Q272112', 'user02'),
(291, 'U0PQOVOJXT2453885', 'user02'),
(292, '38ZSAKVC20U930606', 'user02'),
(293, 'IKUQE1AIER1879688', 'user02'),
(294, 'LXLYHOV4G1Z722469', 'user02'),
(295, 'BX1OSN5TZYU191007', 'user02'),
(296, 'L8CKHAJ376Q732997', 'user02'),
(297, 'ZIL5XS7BK6F565259', 'user02'),
(298, 'XUV6JR4Q8SX652578', 'user02'),
(299, 'LXLYHOV4G1Z722469', 'user02'),
(300, 'ZIL5XS7BK6F565259', 'user02'),
(301, '0XHRC15HS5V123753', 'user02'),
(302, 'BX1OSN5TZYU191007', 'user02'),
(303, 'EBZZN84J0L1163524', 'user02'),
(304, 'L8CKHAJ376Q732997', 'user02'),
(305, '8C76DYYDYJU989849', 'user02'),
(306, 'GBA0V3Z00JI851102', 'user02'),
(307, 'K23GQ1HYKID336715', 'user02'),
(308, 'L8CKHAJ376Q732997', 'user02'),
(309, 'LXLYHOV4G1Z722469', 'user02'),
(310, 'SJV51DZQ416158315', 'user02'),
(311, '35TB5QWCJW0515619', 'user02'),
(312, 'Z8UDI7LAGS7164830', 'user02'),
(313, '4G40BAXEV4V936460', 'user02'),
(314, 'Z0Z206HDHO0103381', 'user02'),
(315, '1U4MXLVV84A726331', 'user02'),
(316, '8FX05ZAH64B316440', 'user02'),
(317, 'U0PQOVOJXT2453885', 'user02'),
(318, '7YCPTKZS5B3163969', 'user02'),
(319, 'L8CKHAJ376Q732997', 'user02'),
(320, 'BX1OSN5TZYU191007', 'user02'),
(321, 'PEXVHDHEYM7282767', 'user02'),
(322, 'U0PQOVOJXT2453885', 'user02'),
(323, 'Z0Z206HDHO0103381', 'user02'),
(324, 'MXF3EGT2PAG490479', 'user02'),
(325, '4G40BAXEV4V936460', 'user02'),
(326, 'ZIYO5EKWDKS246902', 'user02'),
(327, 'IOCT8QVK86C997015', 'user02'),
(328, 'U0PQOVOJXT2453885', 'user02'),
(329, 'AFTWPBMU2TA534019', 'user02'),
(330, '35TB5QWCJW0515619', 'user02'),
(331, 'EBZZN84J0L1163524', 'user02'),
(332, 'PEXVHDHEYM7282767', 'user02'),
(333, 'XUV6JR4Q8SX652578', 'user02'),
(334, 'IKUQE1AIER1879688', 'user02'),
(335, 'SEXWGCZNLS4439650', 'user02'),
(336, '1U4MXLVV84A726331', 'user02'),
(337, 'K5ZQ65X47KU986899', 'user02'),
(338, '7YCPTKZS5B3163969', 'user02'),
(339, '41AHCTXZIUN699904', 'user02'),
(340, 'MT0OEZQ7C5Q035531', 'user02'),
(341, 'K5ZQ65X47KU986899', 'user02'),
(342, 'NVDV1HTYNUU168147', 'user02'),
(343, '3U3N6HS8K3V143011', 'user02'),
(344, 'MBKMABQOONK563483', 'user02'),
(345, '35TB5QWCJW0515619', 'user02'),
(346, 'L2G40AKW0DV261314', 'user02'),
(347, 'ZS1M7DGNG0B708125', 'user02'),
(348, 'PUVTYE6IVGN271318', 'user02'),
(349, 'VSGK3RYW2TC911641', 'user02'),
(350, 'Z8UDI7LAGS7164830', 'user02'),
(351, '1U4MXLVV84A726331', 'user02'),
(352, '31ZQB40Z55B784788', 'user02'),
(353, 'LN7ZMWGACVJ434473', 'user02'),
(354, 'PEXVHDHEYM7282767', 'user02'),
(355, 'ATWA3W65LU2848535', 'user02'),
(356, 'OUXQFNQE2K7274854', 'user02'),
(357, 'ZDR30CO5D6G733856', 'user02'),
(358, '0Y8HTOZ7K6L112375', 'user02'),
(359, '6KSCMBLK5DZ055754', 'user02'),
(360, '27J2LRAE38R945176', 'user02'),
(361, '8FX05ZAH64B316440', 'user02'),
(362, 'V4JVFR4YRS7140562', 'user02'),
(363, 'PUVTYE6IVGN271318', 'user02'),
(364, 'F5BABPZQD3I737349', 'user02'),
(365, 'LEWHC17RSR2225266', 'user02'),
(366, 'MBKMABQOONK563483', 'user02'),
(367, '8BPZY476GS8852305', 'user02'),
(368, 'MXF3EGT2PAG490479', 'user02'),
(369, 'OUXQFNQE2K7274854', 'user02'),
(370, '0Y8HTOZ7K6L112375', 'user02'),
(371, 'UVVEV0Y7R3V483738', 'user02'),
(372, 'ZXZP2ADJFMJ124788', 'user02'),
(373, '35TB5QWCJW0515619', 'user02'),
(374, 'E8MFMML51CM701156', 'user02'),
(375, '0Y8HTOZ7K6L112375', 'user02'),
(376, 'L075CLEGAGV332326', 'user02'),
(377, 'PUVTYE6IVGN271318', 'user02'),
(378, 'F5BABPZQD3I737349', 'user02'),
(379, 'K5ZQ65X47KU986899', 'user02'),
(380, '1WU1KQALZ75403546', 'user02'),
(381, 'WJUY8SU2JR0730363', 'user02'),
(382, '05AJ273ZM02946325', 'user02'),
(383, 'M6J2KWLLUKW587077', 'user02'),
(384, '5U2302GFYRL619555', 'user02'),
(385, '8C76DYYDYJU989849', 'user02'),
(386, 'XG2F8AZ3DKK768039', 'user02'),
(387, '7YCPTKZS5B3163969', 'user02'),
(388, 'KIYTRMRZHSZ939929', 'user02'),
(389, '2TN1NJUXESG344969', 'user02'),
(390, '35TB5QWCJW0515619', 'user02'),
(391, 'EBZZN84J0L1163524', 'user02'),
(392, 'LEWHC17RSR2225266', 'user02'),
(393, 'PEXVHDHEYM7282767', 'user02'),
(394, 'GC225MTL5DF831250', 'user02'),
(395, 'NVDV1HTYNUU168147', 'user02'),
(396, 'QHUYKEFC12W678012', 'user02'),
(397, 'SJV51DZQ416158315', 'user02'),
(398, 'QHUYKEFC12W678012', 'user02'),
(399, '30KBYEYBKH5669910', 'user02'),
(400, 'L075CLEGAGV332326', 'user02'),
(401, '7W7UDF3KP41966929', 'user02'),
(402, 'MXF3EGT2PAG490479', 'user02'),
(403, 'PUVTYE6IVGN271318', 'user02'),
(404, 'RUAW8E8S2SA826885', 'user02'),
(405, 'RUAW8E8S2SA826885', 'user02'),
(406, 'Z8UDI7LAGS7164830', 'user02'),
(407, '8C76DYYDYJU989849', 'user02'),
(408, 'QHUYKEFC12W678012', 'user02'),
(409, 'K5ZQ65X47KU986899', 'user02'),
(410, '3VWJ7G74MRP551283', 'user02'),
(411, '2TN1NJUXESG344969', 'user02'),
(412, 'S7OOZE7TI6U419267', 'user02'),
(413, '0XHRC15HS5V123753', 'user02'),
(414, 'OUXQFNQE2K7274854', 'user02'),
(415, 'FWOYW8SJUH7074597', 'user02'),
(416, '30IT6VOHPTN692600', 'user02'),
(417, 'G33VJW8N2FY389186', 'user02'),
(418, 'LMC0DXV2F72475134', 'user02'),
(419, 'QHUYKEFC12W678012', 'user02'),
(420, '30IT6VOHPTN692600', 'user02'),
(421, 'S7OOZE7TI6U419267', 'user02'),
(422, 'ATWA3W65LU2848535', 'user02'),
(423, 'XUV6JR4Q8SX652578', 'user02'),
(424, 'E8MFMML51CM701156', 'user02'),
(425, 'CHA3G8GE21K992177', 'user02'),
(426, '7YCPTKZS5B3163969', 'user02'),
(427, 'RUAW8E8S2SA826885', 'user02'),
(428, 'S7OOZE7TI6U419267', 'user02'),
(429, '30IT6VOHPTN692600', 'user02'),
(430, '3VWJ7G74MRP551283', 'user02'),
(431, 'PUVTYE6IVGN271318', 'user02'),
(432, 'OOXPL1JMKRX336822', 'user02'),
(433, 'MBKMABQOONK563483', 'user02'),
(434, '2CEDOZQS3WI014174', 'user02'),
(435, 'ZDIFPMGLJRT329921', 'user02'),
(436, 'LN7ZMWGACVJ434473', 'user02'),
(437, 'H130KLLOZLY973998', 'user02'),
(438, 'LEWHC17RSR2225266', 'user02'),
(439, 'PEXVHDHEYM7282767', 'user02'),
(440, '38ZSAKVC20U930606', 'user02'),
(441, '8BPZY476GS8852305', 'user02'),
(442, '35TB5QWCJW0515619', 'user02'),
(443, 'XUV6JR4Q8SX652578', 'user02'),
(444, 'NQC3ODNRG8W618383', 'user02'),
(445, '66BVP1UV1VM384215', 'user02'),
(446, 'L2G40AKW0DV261314', 'user02'),
(447, '3HWBBE541KJ068668', 'user02'),
(448, 'JVT2Q6U7HLH559100', 'user02'),
(449, 'G33VJW8N2FY389186', 'user02'),
(450, 'L075CLEGAGV332326', 'user02'),
(451, 'A2YAQD6KDWM503404', 'user02'),
(452, 'SWME2EZ3HDD006687', 'user02'),
(453, '8BPZY476GS8852305', 'user02'),
(454, 'K5ZQ65X47KU986899', 'user02'),
(455, '35TB5QWCJW0515619', 'user02'),
(456, 'BHVL8OFSZ0G423785', 'user02'),
(457, 'ZS1M7DGNG0B708125', 'user02'),
(458, '8FX05ZAH64B316440', 'user02'),
(459, 'AFTWPBMU2TA534019', 'user02'),
(460, 'MW7W375RHHU707116', 'user02'),
(461, '1J1RMS1AO48718511', 'user02'),
(462, '30KBYEYBKH5669910', 'user02'),
(463, '7YCPTKZS5B3163969', 'user02'),
(464, '5I71MA5PSO0445780', 'user02'),
(465, '3VWJ7G74MRP551283', 'user02'),
(466, 'JAH4TXSVFRZ937654', 'user02'),
(467, 'JVT2Q6U7HLH559100', 'user02'),
(468, 'C0VHQRA5CIO857811', 'user02'),
(469, 'JAH4TXSVFRZ937654', 'user02'),
(470, 'RUAW8E8S2SA826885', 'user02'),
(471, 'LEWHC17RSR2225266', 'user02'),
(472, 'OUXQFNQE2K7274854', 'user02'),
(473, 'MBKMABQOONK563483', 'user02'),
(474, '1D75678DO43448008', 'user02'),
(475, '6D300ABH65P725391', 'user02'),
(476, 'OUIFCWSPPHR650293', 'user02'),
(477, 'SROKG0OMKKQ394333', 'user02'),
(478, 'V4JVFR4YRS7140562', 'user02'),
(479, '1J1RMS1AO48718511', 'user02'),
(480, 'IOCT8QVK86C997015', 'user02'),
(481, 'SGEAZM7OHRE981138', 'user02'),
(482, 'E8MFMML51CM701156', 'user02'),
(483, 'C0VHQRA5CIO857811', 'user02'),
(484, 'L075CLEGAGV332326', 'user02'),
(485, 'XUV6JR4Q8SX652578', 'user02'),
(486, 'M58W6OQD1J3561088', 'user02'),
(487, 'JAH4TXSVFRZ937654', 'user02'),
(488, 'GKTLIDKGMZ6109105', 'user02'),
(489, 'RUAW8E8S2SA826885', 'user02'),
(490, 'PC02G0A675B935953', 'user02'),
(491, '8BPZY476GS8852305', 'user02'),
(492, 'KSC5NS2WX0Q021711', 'user02'),
(493, '30KBYEYBKH5669910', 'user02'),
(494, 'SWME2EZ3HDD006687', 'user02'),
(495, 'ZDIFPMGLJRT329921', 'user02'),
(496, 'A1NW00GFYRY803793', 'user02'),
(497, 'M58W6OQD1J3561088', 'user02'),
(498, '1MF8O5K3V5X143850', 'user02'),
(499, 'MT0OEZQ7C5Q035531', 'user02'),
(500, 'K6NPKFWC2DG818634', 'user02'),
(501, 'JAH4TXSVFRZ937654', 'user02'),
(502, 'M58W6OQD1J3561088', 'user02'),
(503, '1MF8O5K3V5X143850', 'user02'),
(504, 'FZ1HFZ585WR955503', 'user02'),
(505, '1J1RMS1AO48718511', 'user02'),
(506, 'G33VJW8N2FY389186', 'user02'),
(507, '30KBYEYBKH5669910', 'user02'),
(508, '3VWJ7G74MRP551283', 'user02'),
(509, 'PC02G0A675B935953', 'user02'),
(510, '05AJ273ZM02946325', 'user02'),
(511, 'M58W6OQD1J3561088', 'user02'),
(512, 'ZDR30CO5D6G733856', 'user02'),
(513, 'B3V53WEVPX7253102', 'user02'),
(514, '1MF8O5K3V5X143850', 'user02'),
(515, 'MW7W375RHHU707116', 'user02'),
(516, 'FWOYW8SJUH7074597', 'user02'),
(517, 'K5ZQ65X47KU986899', 'user02'),
(518, 'SWME2EZ3HDD006687', 'user02'),
(519, 'E8MFMML51CM701156', 'user02'),
(520, 'JB6TJOH3G13545501', 'user02'),
(521, 'G33VJW8N2FY389186', 'user02'),
(522, '3VWJ7G74MRP551283', 'user02'),
(523, 'FZ1HFZ585WR955503', 'user02'),
(524, 'JVT2Q6U7HLH559100', 'user02'),
(525, 'LEWHC17RSR2225266', 'user02'),
(526, 'ATWA3W65LU2848535', 'user02'),
(527, 'JB6TJOH3G13545501', 'user02'),
(528, '8BPZY476GS8852305', 'user02'),
(529, 'C0VHQRA5CIO857811', 'user02'),
(530, 'RUAW8E8S2SA826885', 'user02'),
(531, 'GKTLIDKGMZ6109105', 'user02'),
(532, 'WSHBRYQYDCI202435', 'user02'),
(533, 'JB6TJOH3G13545501', 'user02'),
(534, 'JVT2Q6U7HLH559100', 'user02'),
(535, 'K6NPKFWC2DG818634', 'user02'),
(536, 'WMXOWCZE1MO140134', 'user02'),
(537, 'C0VHQRA5CIO857811', 'user02'),
(538, '5U2302GFYRL619555', 'user02'),
(539, 'RUAW8E8S2SA826885', 'user02'),
(540, '1D377TZAWSW801985', 'user02'),
(541, '1J1RMS1AO48718511', 'user02'),
(542, '1NVXI5JXG3Q330243', 'user02'),
(543, 'JB6TJOH3G13545501', 'user02'),
(544, 'SZAJTDBI6IL561669', 'user02'),
(545, 'KSC5NS2WX0Q021711', 'user02'),
(546, '3KYD25BMOB3101135', 'user02'),
(547, '7T0CI3XEYJA004139', 'user02'),
(548, 'G33VJW8N2FY389186', 'user02'),
(549, '30KBYEYBKH5669910', 'user02'),
(550, 'OUIFCWSPPHR650293', 'user02'),
(551, 'SROKG0OMKKQ394333', 'user02'),
(552, '8BPZY476GS8852305', 'user02'),
(553, '1J1RMS1AO48718511', 'user02'),
(554, 'LEWHC17RSR2225266', 'user02'),
(555, 'JB6TJOH3G13545501', 'user02'),
(556, '1NVXI5JXG3Q330243', 'user02'),
(557, '7T0CI3XEYJA004139', 'user02'),
(558, '0XJA8OD4GS2220202', 'user02'),
(559, 'SWME2EZ3HDD006687', 'user02'),
(560, '7T0CI3XEYJA004139', 'user02'),
(561, '1MF8O5K3V5X143850', 'user02'),
(562, 'WMXOWCZE1MO140134', 'user02'),
(563, 'ZDIFPMGLJRT329921', 'user02'),
(564, 'K6NPKFWC2DG818634', 'user02'),
(565, 'G33VJW8N2FY389186', 'user02'),
(566, 'C0VHQRA5CIO857811', 'user02'),
(567, 'YB3M3MZEQ1J275307', 'user02'),
(568, 'SZAJTDBI6IL561669', 'user02'),
(569, '6KSCMBLK5DZ055754', 'user02'),
(570, '7F3L3GAY4BB268957', 'user02'),
(571, '7T0CI3XEYJA004139', 'user02'),
(572, '7T0CI3XEYJA004139', 'user02'),
(573, 'YB3M3MZEQ1J275307', 'user02'),
(574, '1NVXI5JXG3Q330243', 'user02'),
(575, 'FZ1HFZ585WR955503', 'user02'),
(576, '30KBYEYBKH5669910', 'user02'),
(577, 'SROKG0OMKKQ394333', 'user02'),
(578, '1J1RMS1AO48718511', 'user02'),
(579, 'C0VHQRA5CIO857811', 'user02'),
(580, '0OZ6776OUA0065975', 'user02'),
(581, 'CHA3G8GE21K992177', 'user02'),
(582, '5U2302GFYRL619555', 'user02'),
(583, 'AFTWPBMU2TA534019', 'user02'),
(584, 'JB6TJOH3G13545501', 'user02'),
(585, 'YB3M3MZEQ1J275307', 'user02'),
(586, 'SZAJTDBI6IL561669', 'user02'),
(587, '66BVP1UV1VM384215', 'user02'),
(588, 'IHCVQSL87UO415387', 'user02'),
(589, '0XJA8OD4GS2220202', 'user02'),
(590, 'JVT2Q6U7HLH559100', 'user02'),
(591, 'YB3M3MZEQ1J275307', 'user02'),
(592, '0OZ6776OUA0065975', 'user02'),
(593, '5I71MA5PSO0445780', 'user02'),
(594, '6PSJQWZYS2J443879', 'user02'),
(595, 'JB6TJOH3G13545501', 'user02'),
(596, '7T0CI3XEYJA004139', 'user02'),
(597, 'Z8UDI7LAGS7164830', 'user02'),
(598, 'K6NPKFWC2DG818634', 'user02'),
(599, 'NQC3ODNRG8W618383', 'user02'),
(600, '05AJ273ZM02946325', 'user02'),
(601, '1J1RMS1AO48718511', 'user02'),
(602, 'YB3M3MZEQ1J275307', 'user02'),
(603, '6PSJQWZYS2J443879', 'user02'),
(604, 'WSHBRYQYDCI202435', 'user02'),
(605, 'YR8K00OE58G720472', 'user02'),
(606, 'E8MFMML51CM701156', 'user02'),
(607, '7T0CI3XEYJA004139', 'user02'),
(608, 'F6TVSMY2L2Z886673', 'user02'),
(609, 'C4QIGI5R0PE739600', 'user02'),
(610, 'YR8K00OE58G720472', 'user02'),
(611, 'SZAJTDBI6IL561669', 'user02'),
(612, '7T0CI3XEYJA004139', 'user02'),
(613, 'IOCT8QVK86C997015', 'user02'),
(614, 'ZS1M7DGNG0B708125', 'user02'),
(615, 'M6J2KWLLUKW587077', 'user02'),
(616, 'K6NPKFWC2DG818634', 'user02'),
(617, 'A1NW00GFYRY803793', 'user02'),
(618, 'SZAJTDBI6IL561669', 'user02'),
(619, 'Z4SH0SHZI01062444', 'user02'),
(620, '3VWJ7G74MRP551283', 'user02'),
(621, 'YR8K00OE58G720472', 'user02'),
(622, 'P7UUVOVKPTD080947', 'user02'),
(623, 'U3HSV2KCE0Y319532', 'user02'),
(624, 'F6TVSMY2L2Z886673', 'user02'),
(625, 'SJV51DZQ416158315', 'user02'),
(626, '1J1RMS1AO48718511', 'user02'),
(627, '3KYD25BMOB3101135', 'user02'),
(628, '3S8JO5UMV1Y166789', 'user02'),
(629, 'SGEAZM7OHRE981138', 'user02'),
(630, 'KG6S1KYGKY7383089', 'user02'),
(631, 'F6TVSMY2L2Z886673', 'user02'),
(632, '0KQT4QWDSFO183874', 'user02'),
(633, 'PHTKITC5C1H921363', 'user02'),
(634, 'LEWHC17RSR2225266', 'user02'),
(635, 'YR8K00OE58G720472', 'user02'),
(636, 'GC225MTL5DF831250', 'user02'),
(637, '7Y1EAHONCCS732936', 'user02'),
(638, 'R56SEOUUT0R265399', 'user02'),
(639, 'ASBUY3C1GYP443816', 'user02'),
(640, 'E8MFMML51CM701156', 'user02'),
(641, 'TD5OFRN1LC8601752', 'user02'),
(642, '41AHCTXZIUN699904', 'user02'),
(643, '0XHRC15HS5V123753', 'user02'),
(644, '3S8JO5UMV1Y166789', 'user02'),
(645, 'LN7ZMWGACVJ434473', 'user02'),
(646, 'MYX14D30CZI581341', 'user02'),
(647, '5U2302GFYRL619555', 'user02'),
(648, 'AZCPHC4R1RY522608', 'user02'),
(649, '3S8JO5UMV1Y166789', 'user02'),
(650, '2CEDOZQS3WI014174', 'user02'),
(651, 'WSHBRYQYDCI202435', 'user02'),
(652, 'MYX14D30CZI581341', 'user02'),
(653, 'Z4SH0SHZI01062444', 'user02'),
(654, 'OUIFCWSPPHR650293', 'user02'),
(655, 'B3V53WEVPX7253102', 'user02'),
(656, 'AN86IKI83LD618280', 'user02'),
(657, 'GB5EB3AIUD0242483', 'user02'),
(658, '8C76DYYDYJU989849', 'user02'),
(659, 'PHTKITC5C1H921363', 'user02'),
(660, 'FWOYW8SJUH7074597', 'user02'),
(661, 'Z4SH0SHZI01062444', 'user02'),
(662, 'C4QIGI5R0PE739600', 'user02'),
(663, '3KYD25BMOB3101135', 'user02'),
(664, '66BVP1UV1VM384215', 'user02'),
(665, '41AHCTXZIUN699904', 'user02'),
(666, 'SGEAZM7OHRE981138', 'user02'),
(667, 'ZS1M7DGNG0B708125', 'user02'),
(668, 'LN7ZMWGACVJ434473', 'user02'),
(669, 'SJV51DZQ416158315', 'user02'),
(670, 'IOCT8QVK86C997015', 'user02'),
(671, '5U2302GFYRL619555', 'user02'),
(672, '8C76DYYDYJU989849', 'user02'),
(673, 'PHTKITC5C1H921363', 'user02'),
(674, '27J2LRAE38R945176', 'user02'),
(675, '58SXUC0BZIA446980', 'user02'),
(676, 'CHA3G8GE21K992177', 'user02'),
(677, '8FX05ZAH64B316440', 'user02'),
(678, '1WU1KQALZ75403546', 'user02'),
(679, 'XG2F8AZ3DKK768039', 'user02'),
(680, 'P7UUVOVKPTD080947', 'user02'),
(681, 'KSC5NS2WX0Q021711', 'user02'),
(682, '5I71MA5PSO0445780', 'user02'),
(683, 'NQC3ODNRG8W618383', 'user02'),
(684, 'MT0OEZQ7C5Q035531', 'user02'),
(686, 'FWOYW8SJUH7074597', 'user02'),
(687, 'BHVL8OFSZ0G423785', 'user02'),
(688, 'ZS1M7DGNG0B708125', 'user02'),
(689, 'ABCX0O07N6F519334', 'user02'),
(690, 'AN86IKI83LD618280', 'user02'),
(691, 'AFTWPBMU2TA534019', 'user02'),
(692, 'GC225MTL5DF831250', 'user02'),
(693, 'CHA3G8GE21K992177', 'user02'),
(694, '0XJA8OD4GS2220202', 'user02'),
(695, 'ZDIFPMGLJRT329921', 'user02'),
(696, 'EBZZN84J0L1163524', 'user02'),
(697, 'F5BABPZQD3I737349', 'user02'),
(698, 'BHVL8OFSZ0G423785', 'user02'),
(699, 'E5WGL31NMNQ304399', 'user02'),
(700, 'ATWA3W65LU2848535', 'user02'),
(701, 'MT0OEZQ7C5Q035531', 'user02'),
(702, 'A1NW00GFYRY803793', 'user02'),
(703, 'LN7ZMWGACVJ434473', 'user02'),
(704, 'U3HSV2KCE0Y319532', 'user02'),
(705, 'A2YAQD6KDWM503404', 'user02'),
(706, '0XHRC15HS5V123753', 'user02'),
(707, '3KYD25BMOB3101135', 'user02'),
(708, 'Z4SH0SHZI01062444', 'user02'),
(709, 'MT0OEZQ7C5Q035531', 'user02'),
(710, '3S8JO5UMV1Y166789', 'user02'),
(711, 'NQC3ODNRG8W618383', 'user02'),
(712, 'OUIFCWSPPHR650293', 'user02'),
(713, 'WSHBRYQYDCI202435', 'user02'),
(714, '3S8JO5UMV1Y166789', 'user02'),
(715, 'GKTLIDKGMZ6109105', 'user02'),
(716, '66BVP1UV1VM384215', 'user02'),
(717, 'AZCPHC4R1RY522608', 'user02'),
(718, 'ZS1M7DGNG0B708125', 'user02'),
(719, 'FWOYW8SJUH7074597', 'user02'),
(720, '8FX05ZAH64B316440', 'user02'),
(721, 'ZDIFPMGLJRT329921', 'user02'),
(722, '3KYD25BMOB3101135', 'user02'),
(723, 'ASBUY3C1GYP443816', 'user02'),
(724, 'ATWA3W65LU2848535', 'user02'),
(725, 'P7UUVOVKPTD080947', 'user02'),
(726, 'E8MFMML51CM701156', 'user02'),
(727, 'WSHBRYQYDCI202435', 'user02'),
(728, '7Y1EAHONCCS732936', 'user02'),
(729, 'IOCT8QVK86C997015', 'user02'),
(730, '27J2LRAE38R945176', 'user02'),
(731, 'BHVL8OFSZ0G423785', 'user02'),
(732, 'MYX14D30CZI581341', 'user02'),
(733, 'OUIFCWSPPHR650293', 'user02'),
(734, 'U3HSV2KCE0Y319532', 'user02'),
(735, 'A2YAQD6KDWM503404', 'user02'),
(736, '3S8JO5UMV1Y166789', 'user02'),
(737, '41AHCTXZIUN699904', 'user02'),
(738, 'U3HSV2KCE0Y319532', 'user02'),
(739, 'B3V53WEVPX7253102', 'user02'),
(740, 'AN86IKI83LD618280', 'user02'),
(741, '0XJA8OD4GS2220202', 'user02'),
(742, 'CHA3G8GE21K992177', 'user02'),
(743, 'PHTKITC5C1H921363', 'user02'),
(744, '0XHRC15HS5V123753', 'user02'),
(745, '2CEDOZQS3WI014174', 'user02'),
(746, 'NQC3ODNRG8W618383', 'user02'),
(747, 'XG2F8AZ3DKK768039', 'user02'),
(748, 'ATWA3W65LU2848535', 'user02'),
(749, 'WMXOWCZE1MO140134', 'user02'),
(750, 'LN7ZMWGACVJ434473', 'user02'),
(751, '41AHCTXZIUN699904', 'user02'),
(752, 'AN86IKI83LD618280', 'user02'),
(753, '3KYD25BMOB3101135', 'user02'),
(754, 'A1NW00GFYRY803793', 'user02'),
(755, 'SJV51DZQ416158315', 'user02'),
(756, '8C76DYYDYJU989849', 'user02'),
(757, 'MT0OEZQ7C5Q035531', 'user02'),
(758, 'OUIFCWSPPHR650293', 'user02'),
(759, 'NQC3ODNRG8W618383', 'user02'),
(760, '0XHRC15HS5V123753', 'user02'),
(761, 'FWOYW8SJUH7074597', 'user02'),
(762, 'Z4SH0SHZI01062444', 'user02'),
(763, '3S8JO5UMV1Y166789', 'user02'),
(764, 'E5WGL31NMNQ304399', 'user02'),
(765, '2CEDOZQS3WI014174', 'user02'),
(766, '7Y1EAHONCCS732936', 'user02'),
(767, 'B3V53WEVPX7253102', 'user02'),
(768, '5I71MA5PSO0445780', 'user02'),
(769, 'GC225MTL5DF831250', 'user02'),
(770, '3KYD25BMOB3101135', 'user02'),
(771, 'EBZZN84J0L1163524', 'user02'),
(772, 'Z4SH0SHZI01062444', 'user02'),
(773, 'A1NW00GFYRY803793', 'user02'),
(774, 'KSC5NS2WX0Q021711', 'user02'),
(775, '5I71MA5PSO0445780', 'user02'),
(776, 'AN86IKI83LD618280', 'user02'),
(777, 'LN7ZMWGACVJ434473', 'user02'),
(778, 'U3HSV2KCE0Y319532', 'user02'),
(779, 'ZDR30CO5D6G733856', 'user02'),
(780, '8FX05ZAH64B316440', 'user02'),
(781, '66BVP1UV1VM384215', 'user02'),
(782, 'MT0OEZQ7C5Q035531', 'user02'),
(783, 'MYX14D30CZI581341', 'user02'),
(784, 'AN86IKI83LD618280', 'user02'),
(785, '05AJ273ZM02946325', 'user02'),
(786, 'BNWE37HKK6A465562', 'user02'),
(787, 'C4QIGI5R0PE739600', 'user02'),
(788, '0XHRC15HS5V123753', 'user02'),
(789, '3KYD25BMOB3101135', 'user02'),
(790, 'F5BABPZQD3I737349', 'user02'),
(791, 'Z4SH0SHZI01062444', 'user02'),
(792, 'B3V53WEVPX7253102', 'user02'),
(793, 'LN7ZMWGACVJ434473', 'user02'),
(794, '3S8JO5UMV1Y166789', 'user02'),
(795, '8C76DYYDYJU989849', 'user02'),
(796, '1D377TZAWSW801985', 'user02'),
(797, 'FWOYW8SJUH7074597', 'user02'),
(798, 'EBZZN84J0L1163524', 'user02'),
(799, 'ATWA3W65LU2848535', 'user02'),
(800, '7Y1EAHONCCS732936', 'user02'),
(801, 'E5WGL31NMNQ304399', 'user02'),
(802, 'B3V53WEVPX7253102', 'user02'),
(803, 'SGEAZM7OHRE981138', 'user02'),
(804, 'Z4SH0SHZI01062444', 'user02'),
(805, 'MYX14D30CZI581341', 'user02'),
(806, '1WU1KQALZ75403546', 'user02'),
(807, 'LN7ZMWGACVJ434473', 'user02'),
(808, 'ZDIFPMGLJRT329921', 'user02'),
(809, 'MYX14D30CZI581341', 'user02'),
(810, '0XJA8OD4GS2220202', 'user02'),
(811, 'AN86IKI83LD618280', 'user02'),
(812, 'GC225MTL5DF831250', 'user02'),
(813, 'NQC3ODNRG8W618383', 'user02'),
(814, 'WSHBRYQYDCI202435', 'user02'),
(815, 'E5WGL31NMNQ304399', 'user02'),
(816, 'EBZZN84J0L1163524', 'user02'),
(817, 'MT0OEZQ7C5Q035531', 'user02'),
(818, 'Z4SH0SHZI01062444', 'user02'),
(819, 'U3HSV2KCE0Y319532', 'user02');

-- --------------------------------------------------------

--
-- Table structure for table `Individual`
--

CREATE TABLE `Individual` (
  `driver_license` varchar(100) COLLATE utf8mb4_unicode_ci NOT NULL,
  `first_name` varchar(100) COLLATE utf8mb4_unicode_ci NOT NULL,
  `last_name` varchar(100) COLLATE utf8mb4_unicode_ci NOT NULL,
  `customerID` int(16) UNSIGNED NOT NULL
) ENGINE=InnoDB DEFAULT CHARSET=utf8mb4 COLLATE=utf8mb4_unicode_ci;

--
-- Dumping data for table `Individual`
--

INSERT INTO `Individual` (`driver_license`, `first_name`, `last_name`, `customerID`) VALUES
('A0519346932', 'Sarah', 'Pawlowicz', 1),
('A0891946418', 'Stephen', 'Pelkowski', 2),
('A0953343682', 'Helene', 'Saylors', 3),
('A1543433846', 'Lenna', 'Skulski', 4),
('A1953394969', 'Lorrine', 'Pagliuca', 5),
('A2130488970', 'Nicolette', 'Biddy', 6),
('A2156704547', 'Xochitl', 'Pagliuca', 7),
('A2628970055', 'Cristy', 'Acey', 8),
('A2840015188', 'Skye', 'Estell', 9),
('A3747937972', 'Leatha', 'Batman', 10),
('A3961543582', 'Carmelina', 'Rauser', 11),
('A4237394300', 'Shenika', 'Kines', 12),
('A4363352704', 'Adell', 'Leinenbach', 13),
('A4708877275', 'Samira', 'Nachor', 14),
('A5116094170', 'Shawna', 'Cousey', 15),
('A5441879198', 'Fabiola', 'Keener', 16),
('A5932340550', 'Blair', 'Cronauer', 17),
('A6434991693', 'Truman', 'Strassner', 18),
('A6448389020', 'Kimberlie', 'Stockham', 19),
('A6482150674', 'Daniela', 'Mai', 20),
('A6657577671', 'Lemuel', 'Kardas', 21),
('A6819485677', 'Mariann', 'Burnard', 22),
('A7120700731', 'Junita', 'Toelkes', 23),
('A7690497079', 'Sylvia', 'Kusko', 24),
('A8107181602', 'Norah', 'Gleich', 25),
('A8352857373', 'Felicidad', 'Discipio', 26),
('A8940446385', 'Annelle', 'Reiber', 27),
('A9685977010', 'Louvenia', 'Gillaspie', 28),
('A9800617405', 'Golda', 'Kannady', 29),
('B0118879496', 'Sylvia', 'Kitty', 30),
('B0504258873', 'Merissa', 'Wolny', 31),
('B0585188333', 'Lorrie', 'Boord', 32),
('B0664933596', 'Weldon', 'Gehrett', 33),
('B0676368739', 'Refugia', 'Riden', 34),
('B1467621707', 'Arlette', 'Arias', 35),
('B1872571043', 'Elvera', 'Flosi', 36),
('B1897119906', 'Filiberto', 'Limmel', 37),
('B2116633076', 'Wilda', 'Fritz', 38),
('B2287458166', 'Rolland', 'Emigh', 39),
('B2804248768', 'Donte', 'Cousey', 40),
('B2906209149', 'Chanel', 'Kippley', 41),
('B3151226118', 'Delisa', 'Buvens', 42),
('B3621247910', 'Edna', 'Wolny', 43),
('B3716300300', 'Art', 'Degroot', 44),
('B4543107001', 'Cyndy', 'Royster', 45),
('B4645539147', 'Lili', 'Arias', 46),
('B4683383831', 'Gracia', 'Agramonte', 47),
('B4745861576', 'Brett', 'Toelkes', 48),
('B4761949869', 'Oretha', 'Cork', 49),
('B4801537581', 'Gracia', 'Sengbusch', 50),
('B4913696298', 'Raylene', 'Zepp', 51),
('B5327595424', 'Ressie', 'Palaia', 52),
('B5428704297', 'Gracia', 'Ennaco', 53),
('B5930662838', 'Latrice', 'Claucherty', 54),
('B6148685373', 'Mireya', 'Sawchuk', 55),
('B6520528449', 'Donette', 'Felger', 56),
('B6645695262', 'Jose', 'Calvaresi', 57),
('B6684374397', 'Mariann', 'Lary', 58),
('B6711015012', 'Mitsue', 'Slusarski', 59),
('B6894388117', 'Wynell', 'Swayze', 60),
('B7298707408', 'Nana', 'Newville', 61),
('B7658453163', 'Cyndy', 'Gochal', 62),
('B7770854372', 'Garry', 'Schnitzler', 63),
('B7825808469', 'Glendora', 'Ennaco', 64),
('B7916407234', 'Ressie', 'Hoffis', 65),
('B8617696591', 'Helaine', 'Maclead', 66),
('B8740149731', 'Micaela', 'Cookey', 67),
('B8838483933', 'Tamar', 'Rodefer', 68),
('B9167611164', 'Mitsue', 'Diestel', 69),
('C0188223064', 'Mitsue', 'Tomasulo', 70),
('C0640712551', 'Talia', 'Keetch', 71),
('C1172628796', 'Jacqueline', 'Shields', 72),
('C1317447002', 'Franklyn', 'Kaniecki', 73),
('C1394323936', 'Aliza', 'Meisel', 74),
('C1404134532', 'Junita', 'Perigo', 75),
('C1550981362', 'Glenna', 'Newville', 76),
('C2448589066', 'Eden', 'Mirafuentes', 77),
('C2744068306', 'Virgie', 'Garufi', 78),
('C3304949185', 'Gail', 'Scheyer', 79),
('C3670850732', 'Alishia', 'Latzke', 80),
('C3686964342', 'Josphine', 'Degroot', 81),
('C3701564618', 'Rhea', 'Jillson', 82),
('C4179179446', 'Alyce', 'Hauenstein', 83),
('C4376643077', 'Earleen', 'Onofrio', 84),
('C4429219457', 'Rhea', 'Pontoriero', 85),
('C5517920862', 'Tyra', 'Jacobos', 86),
('C6508528685', 'Elke', 'Felger', 87),
('C6885206034', 'Jina', 'Bowley', 88),
('C6972781026', 'Ma', 'Yum', 89),
('C7154501254', 'Glenna', 'Onofrio', 90),
('C7245495659', 'Oretha', 'Bowley', 91),
('C7482916743', 'Lenna', 'Honeywell', 92),
('C7731551051', 'Larae', 'Thyberg', 93),
('C7821395607', 'Glendora', 'Rodeigues', 94),
('C8244565014', 'Irma', 'Dhamer', 95),
('C8694307110', 'Katina', 'Monarrez', 96),
('C8771937989', 'Thaddeus', 'Lawler', 97),
('C8989750395', 'Derick', 'Dilliard', 98),
('C9736973233', 'Joesph', 'Haufler', 99),
('C9808620269', 'Martina', 'Lietz', 100),
('C9903567737', 'Linn', 'Hollack', 101),
('D0838982647', 'Sylvia', 'Kohnert', 102),
('D1162502438', 'Lili', 'Farrar', 103),
('D1451097081', 'France', 'Figeroa', 104),
('D1490490202', 'Audry', 'Wide', 105),
('D1610396701', 'Chaya', 'Palaia', 106),
('D2548986249', 'Xochitl', 'Knipp', 107),
('D2619628333', 'Junita', 'Walthall', 108),
('D3829841679', 'Shawna', 'Vizarro', 109),
('D4296267174', 'Ahmed', 'Padilla', 110),
('D4435428566', 'Jacqueline', 'Strassner', 111),
('D5555586904', 'Annmarie', 'Royster', 112),
('D5653451679', 'Van', 'Comnick', 113),
('D6463541439', 'Lizbeth', 'Foller', 114),
('D7279401089', 'Junita', 'Miro', 115),
('D7751875993', 'Carissa', 'Similton', 116),
('D7757448068', 'Merilyn', 'Maile', 117),
('D7770361115', 'Luisa', 'Malet', 118),
('D7934013852', 'Lavonna', 'Good', 119),
('D8463845828', 'Stephaine', 'Drymon', 120),
('D9431249359', 'Benton', 'Konopacki', 121),
('D9635369685', 'Carmelina', 'Staback', 122),
('D9745941406', 'My', 'Arceo', 123),
('D9806834505', 'Tyra', 'Layous', 124);

-- --------------------------------------------------------

--
-- Table structure for table `InventoryClerk`
--

CREATE TABLE `InventoryClerk` (
  `username` varchar(80) COLLATE utf8mb4_unicode_ci NOT NULL
) ENGINE=InnoDB DEFAULT CHARSET=utf8mb4 COLLATE=utf8mb4_unicode_ci;

--
-- Dumping data for table `InventoryClerk`
--

INSERT INTO `InventoryClerk` (`username`) VALUES
('burdell'),
('user02'),
('user03'),
('user04'),
('user05'),
('user06'),
('user07'),
('user10'),
('user12'),
('user14'),
('user18'),
('user22'),
('user24');

-- --------------------------------------------------------

--
-- Table structure for table `InventoryVehicle`
--

CREATE TABLE `InventoryVehicle` (
  `VIN` varchar(100) COLLATE utf8mb4_unicode_ci NOT NULL,
  `repair_vehicle_VIN` varchar(100) COLLATE utf8mb4_unicode_ci NOT NULL,
  `sales_price` float(254,4) UNSIGNED NOT NULL,
  `inventory_clerk_username` varchar(100) COLLATE utf8mb4_unicode_ci NOT NULL
) ENGINE=InnoDB DEFAULT CHARSET=utf8mb4 COLLATE=utf8mb4_unicode_ci;

--
-- Dumping data for table `InventoryVehicle`
--

INSERT INTO `InventoryVehicle` (`VIN`, `repair_vehicle_VIN`, `sales_price`, `inventory_clerk_username`) VALUES
('22420XMJ47N471618', '22420XMJ47N471618', 1824.0541, 'user02'),
('23XI32P0M0K897737', '23XI32P0M0K897737', 2635.2544, 'user02'),
('8HJHTFE0FGU264640', '8HJHTFE0FGU264640', 3137.1609, 'user02');

-- --------------------------------------------------------

--
-- Table structure for table `Manager`
--

CREATE TABLE `Manager` (
  `username` varchar(80) COLLATE utf8mb4_unicode_ci NOT NULL
) ENGINE=InnoDB DEFAULT CHARSET=utf8mb4 COLLATE=utf8mb4_unicode_ci;

--
-- Dumping data for table `Manager`
--

INSERT INTO `Manager` (`username`) VALUES
('burdell'),
('user01'),
('user19'),
('user21');

-- --------------------------------------------------------

--
-- Table structure for table `Manufacturer`
--

CREATE TABLE `Manufacturer` (
  `manu_name` varchar(100) COLLATE utf8mb4_unicode_ci NOT NULL
) ENGINE=InnoDB DEFAULT CHARSET=utf8mb4 COLLATE=utf8mb4_unicode_ci;

--
-- Dumping data for table `Manufacturer`
--

INSERT INTO `Manufacturer` (`manu_name`) VALUES
('Acura'),
('Alfa'),
('Aston'),
('Audi'),
('Bentley'),
('BMW'),
('Buick'),
('Cadillac'),
('Chevrolet'),
('Dodge'),
('Ferrari'),
('FIAT'),
('Freightliner'),
('GMC'),
('Honda'),
('Hyundai'),
('INFINITI'),
('Jaguar'),
('Jeep'),
('Kia'),
('Lincoln'),
('Lotus'),
('Martin'),
('Maserati'),
('MAZDA'),
('MINI'),
('Mitsubishi'),
('Nissan'),
('Porsche'),
('Romeo'),
('smart'),
('Subaru'),
('Tesla'),
('Toyota'),
('Volkswagen'),
('Volvo');

-- --------------------------------------------------------

--
-- Table structure for table `P_Transaction`
--

CREATE TABLE `P_Transaction` (
  `purchase_date` date NOT NULL,
  `VIN` varchar(100) COLLATE utf8mb4_unicode_ci NOT NULL,
  `customerID` int(16) UNSIGNED NOT NULL,
  `vehicle_condition` varchar(100) COLLATE utf8mb4_unicode_ci NOT NULL,
  `kbb_price` float(254,4) UNSIGNED NOT NULL,
  `inventory_clerk_username` varchar(100) COLLATE utf8mb4_unicode_ci NOT NULL
) ENGINE=InnoDB DEFAULT CHARSET=utf8mb4 COLLATE=utf8mb4_unicode_ci;

--
-- Dumping data for table `P_Transaction`
--

INSERT INTO `P_Transaction` (`purchase_date`, `VIN`, `customerID`, `vehicle_condition`, `kbb_price`, `inventory_clerk_username`) VALUES
('2019-01-01', 'SGEAZM7OHRE981138', 50, 'Excellent', 1482.8101, 'user03'),
('2019-01-02', '38ZSAKVC20U930606', 197, 'Excellent', 1471.7200, 'user24'),
('2019-01-02', 'VROU7UEWYWK097688', 185, 'Very Good', 2908.4199, 'user24'),
('2019-01-03', '2CEDOZQS3WI014174', 212, 'Excellent', 6147.2798, 'user02'),
('2019-01-03', 'N5VAEVB47M5598208', 104, 'Excellent', 4506.4102, 'user03'),
('2019-01-04', 'FRCY3VYNL42885570', 108, 'Good', 5239.0298, 'user12'),
('2019-01-05', 'BMMT70O7FLR864961', 261, 'Excellent', 1943.0601, 'user04'),
('2019-01-05', 'GB5EB3AIUD0242483', 57, 'Good', 1810.0300, 'user02'),
('2019-01-05', 'H7PM7E5LCY5894305', 243, 'Very Good', 1288.8300, 'burdell'),
('2019-01-06', 'RZ64Q4VF3EC682670', 163, 'Excellent', 4764.3901, 'user06'),
('2019-01-06', 'WJENS213H4U188325', 112, 'Very Good', 1801.9800, 'user02'),
('2019-01-06', 'ZIYO5EKWDKS246902', 86, 'Fair', 6842.7700, 'user18'),
('2019-01-07', 'XK51E6IAGWW949280', 2, 'Very Good', 1901.8800, 'user04'),
('2019-01-08', '8HJHTFE0FGU264640', 206, 'Very Good', 1893.2800, 'user24'),
('2019-01-08', 'YSPKFT8VKW8617087', 262, 'Good', 3069.4199, 'user22'),
('2019-01-09', 'L2G40AKW0DV261314', 47, 'Excellent', 3928.3601, 'user14'),
('2019-01-09', 'QNGJBXZ0ZPN690169', 113, 'Fair', 2562.8999, 'user22'),
('2019-01-10', 'IB3FDW7VPTE357125', 129, 'Good', 1886.0500, 'user06'),
('2019-01-12', 'C1OCSTQ1VP0823459', 250, 'Fair', 3957.5601, 'user06'),
('2019-01-13', '7Y1EAHONCCS732936', 263, 'Very Good', 8941.6904, 'user14'),
('2019-01-13', 'AI51SMWRVBH997689', 81, 'Very Good', 1186.7500, 'user10'),
('2019-01-14', '58SXUC0BZIA446980', 240, 'Fair', 2979.6101, 'user02'),
('2019-01-14', 'EAJW0OF78HV386515', 10, 'Very Good', 1628.6899, 'user18'),
('2019-01-17', 'AKHFEO0D1D4893889', 264, 'Fair', 5103.3799, 'user03'),
('2019-01-18', 'BNWE37HKK6A465562', 213, 'Fair', 1580.9900, 'user02'),
('2019-01-19', '6HKQMAEQ5PA690783', 186, 'Good', 4428.7700, 'user22'),
('2019-01-21', 'I7CVVBU08H1044370', 195, 'Fair', 1742.0800, 'user05'),
('2019-01-21', 'MW6HGX7M6O4186962', 21, 'Fair', 3426.1599, 'user10'),
('2019-01-22', 'SJV51DZQ416158315', 117, 'Fair', 4197.7900, 'user06'),
('2019-01-24', 'CHA3G8GE21K992177', 132, 'Fair', 10194.4404, 'user05'),
('2019-01-25', '1D377TZAWSW801985', 231, 'Very Good', 3180.7500, 'user04'),
('2019-01-25', 'EMARJQJLUEI221810', 44, 'Very Good', 3860.5300, 'user12'),
('2019-01-25', 'UEHE08QS622862172', 161, 'Fair', 1741.9900, 'burdell'),
('2019-01-26', 'KIYTRMRZHSZ939929', 1, 'Excellent', 5239.0298, 'user07'),
('2019-01-26', 'MXF3EGT2PAG490479', 265, 'Very Good', 2333.6499, 'user18'),
('2019-01-26', 'VSGK3RYW2TC911641', 147, 'Good', 2267.0200, 'user18'),
('2019-01-30', 'ZS1SXM3GTO8957023', 16, 'Very Good', 2908.4199, 'user18'),
('2019-02-01', 'ABCX0O07N6F519334', 266, 'Excellent', 4696.5000, 'user07'),
('2019-02-01', 'H0SVSC0X1W0660350', 30, 'Excellent', 7929.9302, 'user04'),
('2019-02-02', 'IOCT8QVK86C997015', 267, 'Good', 4710.7100, 'user22'),
('2019-02-03', 'XLHSC830B4B709486', 179, 'Very Good', 5367.8599, 'user06'),
('2019-02-04', 'XG2F8AZ3DKK768039', 83, 'Very Good', 1750.4301, 'user22'),
('2019-02-05', '23XI32P0M0K897737', 251, 'Good', 1437.6700, 'user12'),
('2019-02-06', '2TN1NJUXESG344969', 11, 'Good', 11122.5195, 'user04'),
('2019-02-07', '2KANK83IC2A444270', 32, 'Very Good', 4157.4302, 'user22'),
('2019-02-07', 'XOBOW6AU18A917853', 238, 'Excellent', 2251.2200, 'user06'),
('2019-02-09', '22420XMJ47N471618', 95, 'Very Good', 1162.5601, 'user14'),
('2019-02-10', 'VP0U4FNOL1Q272112', 268, 'Fair', 3337.0500, 'user18'),
('2019-02-11', '1EW5SWZMNBU661507', 269, 'Excellent', 1288.8300, 'user22'),
('2019-02-11', '7FT34LPXEKD855738', 45, 'Very Good', 2789.2900, 'user04'),
('2019-02-12', 'E64AFHYM7CM667399', 158, 'Good', 1799.1000, 'user22'),
('2019-02-13', '426W8PU85BH593514', 3, 'Fair', 2415.0000, 'user24'),
('2019-02-13', 'KRDZJUDE7EC973298', 58, 'Very Good', 1540.6200, 'user22'),
('2019-02-14', 'EFUWNBMO3TM316916', 270, 'Good', 2084.8201, 'user18'),
('2019-02-14', 'LAW66TO51NY340329', 164, 'Very Good', 1456.0601, 'user24'),
('2019-02-14', 'SX73Y7QKKQF628146', 183, 'Fair', 1742.0800, 'user22'),
('2019-02-14', 'V4JVFR4YRS7140562', 201, 'Fair', 4469.1699, 'user12'),
('2019-02-16', 'XUV6JR4Q8SX652578', 120, 'Excellent', 1012.7000, 'user02'),
('2019-02-17', 'K23GQ1HYKID336715', 28, 'Excellent', 3860.5300, 'user14'),
('2019-02-18', 'JVUFO2OOZH6501609', 198, 'Good', 4197.7900, 'user18'),
('2019-02-22', '6D300ABH65P725391', 33, 'Very Good', 3832.8999, 'user10'),
('2019-02-26', 'AFTWPBMU2TA534019', 171, 'Fair', 2514.2500, 'user06'),
('2019-02-26', 'Z4RBIUHHJZS859016', 4, 'Excellent', 1155.1400, 'user10'),
('2019-02-27', '1RQR2NON75E373495', 84, 'Excellent', 1303.5000, 'user18'),
('2019-02-28', 'OOXPL1JMKRX336822', 75, 'Good', 3789.2300, 'user02'),
('2019-02-28', 'X7PFFGNBSQI524327', 271, 'Excellent', 13672.6104, 'user03'),
('2019-03-01', 'CNXWEAHRICK569430', 272, 'Good', 4323.6602, 'user02'),
('2019-03-02', '41AHCTXZIUN699904', 153, 'Very Good', 1687.5800, 'user07'),
('2019-03-02', 'GKTLIDKGMZ6109105', 105, 'Very Good', 3249.6799, 'user03'),
('2019-03-02', 'LMC0DXV2F72475134', 273, 'Very Good', 9918.0303, 'user14'),
('2019-03-03', 'EBZZN84J0L1163524', 218, 'Good', 6133.2598, 'user24'),
('2019-03-03', 'GC225MTL5DF831250', 25, 'Good', 3508.2000, 'user24'),
('2019-03-05', '5I71MA5PSO0445780', 76, 'Very Good', 3180.7500, 'user04'),
('2019-03-06', '1WU1KQALZ75403546', 65, 'Fair', 4328.4800, 'user04'),
('2019-03-06', '3U3N6HS8K3V143011', 274, 'Excellent', 3641.7800, 'user24'),
('2019-03-10', 'GBA0V3Z00JI851102', 275, 'Good', 1471.4800, 'user06'),
('2019-03-11', '31ZQB40Z55B784788', 276, 'Excellent', 3038.2600, 'user04'),
('2019-03-11', 'WJUY8SU2JR0730363', 277, 'Fair', 4428.7700, 'user22'),
('2019-03-12', '05AJ273ZM02946325', 23, 'Excellent', 3801.7300, 'user06'),
('2019-03-14', '7W7UDF3KP41966929', 140, 'Excellent', 2908.4199, 'user05'),
('2019-03-15', 'NNLD761PGMY686484', 102, 'Fair', 2892.2900, 'user22'),
('2019-03-16', 'CQCKR5VZRWO844951', 141, 'Very Good', 6204.5200, 'user02'),
('2019-03-18', 'WMXOWCZE1MO140134', 278, 'Excellent', 2933.1499, 'user05'),
('2019-03-20', '6GHR6AAGP36983674', 216, 'Excellent', 19398.2402, 'user14'),
('2019-03-23', '8FX05ZAH64B316440', 279, 'Fair', 4526.7700, 'user07'),
('2019-03-26', '0HJ3WSLKGZT340626', 40, 'Fair', 2343.0601, 'user03'),
('2019-03-26', 'IKUQE1AIER1879688', 280, 'Good', 1527.5200, 'user10'),
('2019-03-26', 'WSMCQT2QRUX986498', 244, 'Excellent', 4388.6499, 'user18'),
('2019-03-29', 'AZCPHC4R1RY522608', 71, 'Fair', 2713.2700, 'user05'),
('2019-04-02', 'NVDV1HTYNUU168147', 24, 'Fair', 1844.7200, 'user07'),
('2019-04-03', '8BPZY476GS8852305', 239, 'Fair', 5637.6201, 'user02'),
('2019-04-04', '27J2LRAE38R945176', 142, 'Fair', 3290.4900, 'user14'),
('2019-04-04', '5U2302GFYRL619555', 204, 'Excellent', 2825.9800, 'user04'),
('2019-04-05', 'B3V53WEVPX7253102', 148, 'Fair', 5515.1499, 'user24'),
('2019-04-05', 'I6M6GMQGG7C407268', 281, 'Fair', 4613.7100, 'user02'),
('2019-04-06', 'B2JQXKMCCJ3730138', 60, 'Fair', 4745.5698, 'user03'),
('2019-04-06', 'Z8UDI7LAGS7164830', 18, 'Very Good', 1627.9301, 'user22'),
('2019-04-07', 'KSC5NS2WX0Q021711', 246, 'Very Good', 2923.6499, 'user14'),
('2019-04-08', 'WN6OY1F26X1741004', 143, 'Fair', 1499.6500, 'user03'),
('2019-04-10', '05WXEVLB5X8956206', 282, 'Fair', 4751.2202, 'user12'),
('2019-04-10', '1U4MXLVV84A726331', 20, 'Excellent', 2084.8201, 'user18'),
('2019-04-11', '8C76DYYDYJU989849', 283, 'Fair', 5786.9902, 'user22'),
('2019-04-11', 'EVDJMOIDNRC331823', 126, 'Fair', 1058.5200, 'user18'),
('2019-04-12', '4G40BAXEV4V936460', 284, 'Very Good', 1885.8101, 'user24'),
('2019-04-12', 'ATWA3W65LU2848535', 55, 'Good', 3413.6101, 'user05'),
('2019-04-13', 'A1NW00GFYRY803793', 167, 'Fair', 1289.4301, 'user04'),
('2019-04-16', 'ZDR30CO5D6G733856', 232, 'Excellent', 3523.9900, 'user14'),
('2019-04-17', '3HWBBE541KJ068668', 255, 'Excellent', 6353.3301, 'user02'),
('2019-04-17', 'ENHQ8WS125F354364', 285, 'Good', 6877.0498, 'user22'),
('2019-04-18', 'BX1OSN5TZYU191007', 286, 'Excellent', 2280.7500, 'user10'),
('2019-04-19', '0XHRC15HS5V123753', 194, 'Excellent', 2960.1599, 'user14'),
('2019-04-19', '35TB5QWCJW0515619', 139, 'Very Good', 1815.3900, 'user04'),
('2019-04-19', 'NQC3ODNRG8W618383', 287, 'Excellent', 5637.6201, 'user05'),
('2019-04-20', 'SEXWGCZNLS4439650', 26, 'Good', 1700.9900, 'user07'),
('2019-04-20', 'ZIL5XS7BK6F565259', 87, 'Very Good', 1886.0500, 'user05'),
('2019-04-24', 'LXLYHOV4G1Z722469', 173, 'Good', 1119.5300, 'user12'),
('2019-04-25', '66BVP1UV1VM384215', 41, 'Very Good', 1995.1000, 'user07'),
('2019-04-25', 'U0PQOVOJXT2453885', 288, 'Good', 2628.4600, 'user04'),
('2019-04-26', 'K5ZQ65X47KU986899', 289, 'Fair', 3328.1399, 'user12'),
('2019-04-26', 'L8CKHAJ376Q732997', 115, 'Very Good', 3257.2100, 'user18'),
('2019-04-26', 'ZXZP2ADJFMJ124788', 290, 'Good', 8273.3398, 'user18'),
('2019-04-28', 'E8MFMML51CM701156', 291, 'Fair', 1702.1000, 'user14'),
('2019-04-29', '7YCPTKZS5B3163969', 174, 'Very Good', 3310.5100, 'user05'),
('2019-04-29', 'Z0Z206HDHO0103381', 144, 'Fair', 1306.0800, 'user12'),
('2019-04-30', 'JGARQY7YBFD847126', 119, 'Excellent', 2053.0400, 'burdell'),
('2019-04-30', 'PEXVHDHEYM7282767', 228, 'Very Good', 2065.9099, 'user18'),
('2019-05-02', 'BHVL8OFSZ0G423785', 241, 'Fair', 1314.5400, 'user05'),
('2019-05-02', 'ZDIFPMGLJRT329921', 220, 'Excellent', 4473.9502, 'user12'),
('2019-05-03', 'PUVTYE6IVGN271318', 42, 'Fair', 2065.9099, 'user05'),
('2019-05-04', 'MBKMABQOONK563483', 138, 'Fair', 1901.8800, 'user12'),
('2019-05-04', 'MT0OEZQ7C5Q035531', 230, 'Fair', 1307.4900, 'user02'),
('2019-05-05', 'F5BABPZQD3I737349', 61, 'Fair', 2362.9299, 'user24'),
('2019-05-05', 'LN7ZMWGACVJ434473', 292, 'Good', 1496.6200, 'user10'),
('2019-05-05', 'OUXQFNQE2K7274854', 78, 'Excellent', 5422.0200, 'user05'),
('2019-05-06', 'ZS1M7DGNG0B708125', 155, 'Excellent', 4076.9099, 'user03'),
('2019-05-07', '0Y8HTOZ7K6L112375', 175, 'Very Good', 4323.6602, 'user02'),
('2019-05-08', '6KSCMBLK5DZ055754', 90, 'Fair', 2415.0000, 'user04'),
('2019-05-08', 'LEWHC17RSR2225266', 293, 'Excellent', 1140.7800, 'user05'),
('2019-05-10', 'M6J2KWLLUKW587077', 151, 'Very Good', 4526.7700, 'user18'),
('2019-05-11', 'UVVEV0Y7R3V483738', 133, 'Fair', 2628.1001, 'user18'),
('2019-05-12', 'L075CLEGAGV332326', 207, 'Good', 1460.4900, 'user22'),
('2019-05-13', 'A2YAQD6KDWM503404', 294, 'Very Good', 5974.6099, 'user24'),
('2019-05-14', '1D75678DO43448008', 295, 'Good', 4443.6001, 'user02'),
('2019-05-16', 'FWOYW8SJUH7074597', 203, 'Very Good', 1628.6899, 'user03'),
('2019-05-16', 'QHUYKEFC12W678012', 51, 'Excellent', 1307.4900, 'user06'),
('2019-05-17', '30KBYEYBKH5669910', 92, 'Fair', 1528.3900, 'user24'),
('2019-05-17', 'RUAW8E8S2SA826885', 56, 'Fair', 1787.3600, 'user07'),
('2019-05-18', '3VWJ7G74MRP551283', 85, 'Very Good', 1111.8101, 'user05'),
('2019-05-18', 'G33VJW8N2FY389186', 296, 'Good', 1845.3199, 'user14'),
('2019-05-18', 'JVT2Q6U7HLH559100', 215, 'Very Good', 3075.5500, 'user06'),
('2019-05-18', 'T1HO8QC0CE5867880', 46, 'Excellent', 1897.4100, 'user12'),
('2019-05-19', '30IT6VOHPTN692600', 221, 'Fair', 1527.5200, 'user05'),
('2019-05-19', 'S7OOZE7TI6U419267', 297, 'Fair', 1685.5300, 'user18'),
('2019-05-20', '8CPKHCHU2W7031895', 145, 'Very Good', 2713.2700, 'user24'),
('2019-05-20', 'VDJS4PZ5A22366162', 298, 'Fair', 1727.6801, 'user07'),
('2019-05-21', 'ASBUY3C1GYP443816', 299, 'Fair', 14937.5098, 'user10'),
('2019-05-23', '1J1RMS1AO48718511', 181, 'Excellent', 1442.3900, 'user24'),
('2019-05-23', 'H130KLLOZLY973998', 149, 'Very Good', 1611.6200, 'user14'),
('2019-05-26', 'SWME2EZ3HDD006687', 135, 'Good', 2443.2500, 'user10'),
('2019-05-27', '73MVKB63GMJ964569', 300, 'Fair', 6614.2700, 'user12'),
('2019-05-27', 'JAH4TXSVFRZ937654', 192, 'Good', 1897.4100, 'user14'),
('2019-05-27', 'MW7W375RHHU707116', 66, 'Good', 4613.7100, 'user07'),
('2019-05-28', 'C0VHQRA5CIO857811', 93, 'Excellent', 3860.5300, 'user07'),
('2019-05-29', 'FZ1HFZ585WR955503', 97, 'Good', 8510.2305, 'user10'),
('2019-05-30', 'SROKG0OMKKQ394333', 301, 'Fair', 6247.8599, 'user07'),
('2019-05-31', 'C4QIGI5R0PE739600', 127, 'Excellent', 1081.5200, 'user05'),
('2019-05-31', 'MYX14D30CZI581341', 165, 'Good', 3476.6101, 'burdell'),
('2019-05-31', 'OUIFCWSPPHR650293', 136, 'Good', 2562.8999, 'user12'),
('2019-06-01', 'M58W6OQD1J3561088', 302, 'Excellent', 8427.4004, 'user07'),
('2019-06-01', 'PC02G0A675B935953', 303, 'Very Good', 4603.3799, 'user10'),
('2019-06-02', 'K6NPKFWC2DG818634', 31, 'Very Good', 2511.3501, 'user12'),
('2019-06-03', '1MF8O5K3V5X143850', 72, 'Fair', 3071.3301, 'user14'),
('2019-06-08', 'JB6TJOH3G13545501', 304, 'Very Good', 6393.0400, 'user14'),
('2019-06-09', '3KYD25BMOB3101135', 249, 'Good', 4360.5200, 'user22'),
('2019-06-09', '7F3L3GAY4BB268957', 210, 'Fair', 4065.1599, 'user24'),
('2019-06-09', 'P7UUVOVKPTD080947', 80, 'Fair', 1922.7900, 'user18'),
('2019-06-10', '0XJA8OD4GS2220202', 162, 'Good', 1741.9900, 'user04'),
('2019-06-10', 'WSHBRYQYDCI202435', 8, 'Excellent', 7034.2998, 'user14'),
('2019-06-11', '1NVXI5JXG3Q330243', 193, 'Excellent', 11487.1396, 'user24'),
('2019-06-11', 'SZAJTDBI6IL561669', 73, 'Good', 4043.4600, 'user04'),
('2019-06-13', '7T0CI3XEYJA004139', 305, 'Excellent', 5207.5298, 'user10'),
('2019-06-15', 'E5WGL31NMNQ304399', 178, 'Good', 3860.5300, 'user22'),
('2019-06-16', 'YB3M3MZEQ1J275307', 225, 'Good', 3557.9299, 'user18'),
('2019-06-18', '0OZ6776OUA0065975', 101, 'Very Good', 4936.3599, 'user22'),
('2019-06-18', 'Z4SH0SHZI01062444', 123, 'Very Good', 1611.6200, 'user24'),
('2019-06-19', 'IHCVQSL87UO415387', 156, 'Good', 2989.4399, 'user18'),
('2019-06-20', '6PSJQWZYS2J443879', 111, 'Fair', 13299.7197, 'user24'),
('2019-06-21', 'YR8K00OE58G720472', 67, 'Excellent', 4323.6602, 'user06'),
('2019-06-22', '3S8JO5UMV1Y166789', 184, 'Very Good', 1697.0900, 'user03'),
('2019-06-22', 'F6TVSMY2L2Z886673', 306, 'Very Good', 3317.1001, 'user18'),
('2019-06-24', 'U3HSV2KCE0Y319532', 307, 'Very Good', 4879.6299, 'user06'),
('2019-06-25', '036JZFZ8I3K433701', 308, 'Excellent', 1012.7000, 'user03'),
('2019-06-25', 'AN86IKI83LD618280', 309, 'Fair', 3777.0300, 'user12'),
('2019-06-25', 'PHTKITC5C1H921363', 233, 'Fair', 2204.8301, 'user07'),
('2019-06-26', '0KQT4QWDSFO183874', 70, 'Fair', 4682.5698, 'user14'),
('2019-06-26', 'KG6S1KYGKY7383089', 62, 'Excellent', 4786.6699, 'user10'),
('2019-06-28', '7A13XEM0IMF171736', 247, 'Excellent', 1504.3700, 'user10'),
('2019-06-28', 'R56SEOUUT0R265399', 122, 'Very Good', 2647.1299, 'user18'),
('2019-06-29', 'TD5OFRN1LC8601752', 54, 'Excellent', 3181.1399, 'user24'),
('2019-06-29', 'ZJFVODF6M3T898510', 310, 'Fair', 8427.4004, 'user12');

-- --------------------------------------------------------

--
-- Table structure for table `Quotes`
--

CREATE TABLE `Quotes` (
  `vendor_name` varchar(100) COLLATE utf8mb4_unicode_ci NOT NULL,
  `repairID` int(16) UNSIGNED NOT NULL,
  `inventory_clerk_username` varchar(100) COLLATE utf8mb4_unicode_ci NOT NULL
) ENGINE=InnoDB DEFAULT CHARSET=utf8mb4 COLLATE=utf8mb4_unicode_ci;

-- --------------------------------------------------------

--
-- Table structure for table `Recall`
--

CREATE TABLE `Recall` (
  `NHTSA_recall_number` varchar(100) COLLATE utf8mb4_unicode_ci NOT NULL,
  `manu_name` varchar(100) COLLATE utf8mb4_unicode_ci NOT NULL,
  `recall_description` varchar(100) COLLATE utf8mb4_unicode_ci NOT NULL
) ENGINE=InnoDB DEFAULT CHARSET=utf8mb4 COLLATE=utf8mb4_unicode_ci;

--
-- Dumping data for table `Recall`
--

INSERT INTO `Recall` (`NHTSA_recall_number`, `manu_name`, `recall_description`) VALUES
('00V099000', 'Ferrari', 'VEHICLE DESCRIPTION:  PASSENGER VEHICLES.  THE ABS (ANTI-LOCK BRAKING SYSTEM)/ASR (TRACTION CONT'),
('00V157002', 'Lincoln', ' VEHICLE DESCRIPTION:  PASSENGER VEHICLES USING AFTERMARKET FRONT PASSENGER SIDE SEAT BELT ASSEM'),
('00V198000', 'Dodge', 'VEHICLE DESCRIPTION:  PICKUP TRUCKS.   SOME VEHICLES MAY HAVE BEEN BUILT WITH INADEQUATE CLEARAN'),
('00V371000', 'Chevrolet', 'VEHICLE DESCRIPTION:  PASSENGER VEHICLES.  SOME OF THESE VEHICLES EXHIBIT A CONDITION IN WHICH T'),
('01V362000', 'Hyundai', 'VEHICLE DESCRIPTION:  PASSENGER VEHICLES.  IMPROPERLY MANUFACTURED POWERTRAIN CONTROL MODULES (P'),
('02V111000', 'Hyundai', ' ON CERTAIN SPORT UTILITY VEHICLES EQUIPPED WITH 2.7 LITER V-6 ENGINES    IMPROPERLY MANUFACTURE'),
('02V238000', 'Volvo', ' CERTAIN HEAVY DUTY CLASS 8 TRUCKS FAIL TO COMPLY WITH THE REQUIREMENTS OF FEDERAL MOTOR VEHICLE'),
('02V253000', 'Chevrolet', ' ON CERTAIN SPORT UTILITY VEHICLES EQUIPPED WITH REARWARD FOLDING HEAD RESTRAINTS ON THE SECOND '),
('03E045000', 'Dodge', ' AFTERMARKET REPLACEMENT FUEL FILTERS MANUFACTURED BETWEEN SEPTEMBER 17  2002  AND JANUARY 20  2'),
('03V476000', 'Nissan', ' ON CERTAIN SPORT UTILITY VEHICLES  THE FRONT BRAKE CALIPER MOUNTING BOLTS MAY NOT BE ADEQUATELY'),
('03V509000', 'Jaguar', ' ON CERTAIN VEHICLES  THE HEADLAMP ADJUSTMENT MECHANISM MAY BE OPERATED WITHOUT SUITABLE INSTRUC'),
('03V529000', 'Maserati', ' ON CERTAIN PASSENGER VEHICLES  THE FUEL LINES CAN DISCONNECT AND CAUSE LEAKAGE IN THE ENGINE CO'),
('04V046000', 'GMC', ' CERTAIN SPORT UTILITY VEHICLES HAVE WINDSHIELD WIPER SYSTEMS THAT WILL NOT TURN ON  CEASE OPERA'),
('04V133000', 'Audi', ' ON CERTAIN PASSENGER VEHICLES  IF A DRIVER\'S KNEES PUSH AGAINST THE KNEE BOLSTER (CRASH ELEMENT'),
('05V103000', 'Chevrolet', ' ON CERTAIN SPORT UTILITY VEHICLES  THE BRAKE PEDAL PUSHROD RETAINER MAY BE MISSING.  IF THE RET'),
('05V222000', 'Alfa', ' ON CERTAIN CLASS A MOTOR HOMES EQUIPPED WITH VEHICLE SYSTEMS\' AQUA-HOT AND HYDRO-HOT WATER HEAT'),
('05V248000', 'Alfa', ' ON CERTAIN FIFTH WHEEL TRAILERS  THE EMERGENCY/BREAKAWAY BRAKE SYSTEM WIRING WAS CHANGED. '),
('05V303000', 'Mitsubishi', ' ON CERTAIN MEDIUM DUTY TRUCKS  THE REAR ENGINE SUPPORT BRACKET IS COMPOSED OF MATERIALS OF INSU'),
('05V338000', 'INFINITI', ' CERTAIN VEHICLES FAIL TO CONFORM TO THE REQUIREMENTS OF FEDERAL MOTOR VEHICLE SAFETY STANDARD N'),
('05V353000', 'Kia', 'CERTAIN SPORT UTILITY VEHICLES MAY EXPERIENCE A FUEL LEAK FROM FUEL TUBES NEAR THE FUEL TANK DUE'),
('05V555000', 'Nissan', ' ON CERTAIN PASSENGER AND SPORT UTILITY VEHICLES  THE FUEL FILLER HOSE MAY CRACK AND RESULT IN F'),
('05V574000', 'Maserati', ' ON CERTAIN PASSENGER VEHICLES  THE POWER ASSIST DELIVERED BY THE STEERING RACK MAY NOT BE FULLY'),
('06E043000', 'Chevrolet', ' CERTAIN REPLACEMENT FUEL FILTERS  FRAM BRAND NAME P/N G3727  WITH DATE CODES X52911 THROUGH X60'),
('06E064000', 'Mitsubishi', ' CERTAIN TRADESONIC COMBINATION LAMPS SOLD AS REPLACEMENT LAMPS FOR USE ON THE ABOVE LISTED PASS'),
('06V205000', 'Freightliner', ' CERTAIN HEAVY TRUCKS  SHUTTLE BUSES  AND  SCHOOL BUSES EQUIPPED WITH BENDIX MODULATED SPRING BR'),
('06V316000', 'Alfa', ' ON CERTAIN MOTOR HOMES  THE TOP FLANGE OF THE FRONT AXLE I-BEAM MAY FATIGUE AND FRACTURE.  '),
('06V328000', 'INFINITI', ' DURING A CANADIAN COMPLIANCE TEST  CERTAIN SPORT UTILITY VEHICLES FAIL TO COMPLY WITH THE REQUI'),
('06V445000', 'Hyundai', ' ON CERTAIN SPORT UTILITY VEHICLES  DURING STATIC AIR BAG DEPLOYMENT TESTING CONDUCTED BY NHTSA '),
('07E021000', 'Buick', ' CERTAIN DELPHI FUEL PRESSURE REGULATORS  P/NOS. FP10020-11B1  FP10026-11B1  AND FP10027-11B1  S'),
('07E023000', 'Toyota', ' CERTAIN CARDONE MASTER CYLINDERS WITH PART NUMBERS 10-2925  10-2987  10-2987MZA  10-3083  11-30'),
('07V220000', 'Alfa', ' CERTAIN FIFTH WHEEL TRAILERS EQUIPPED WITH A TWO-DOOR REFRIGERATOR  MANUFACTURED BY THE DOMETIC'),
('07V533000', 'MINI', ' CERTAIN CONVERTIBLE VEHICLES FAIL TO CONFORM TO THE REQUIREMENTS OF FEDERAL MOTOR VEHICLE SAFET'),
('08E050000', 'Honda', ' K2 MOTOR IS RECALLING 1 921 AFTERMARKET HEADLAMPS OF VARIOUS MODELS SOLD FOR USE ON THE ABOVE L'),
('08V016000', 'Alfa', ' CERTAIN MOTOR HOME CHASSIS BUILT ON FREIGHTLINER CHASSIS AND EQUIPPED WITH ZF MODEL 8018 STEERI'),
('08V108000', 'Cadillac', ' GM IS RECALLING 4 586 MY 2008 CADILLAC STS AND STS-V PASSENGER VEHICLES FOR FAILING TO CONFORM '),
('08V137000', 'Freightliner', ' DAIMLER TRUCKS IS RECALLING 28 764 MY 2001 THROUGH 2008 FCCC B2 AND FS65 SCHOOL BUS CHASSIS  FC'),
('08V156000', 'Volkswagen', ' VOLKSWAGEN IS RECALLING 412 000 MY 1999-2005 PASSAT (5TH GENERATION) VEHICLES EQUIPPED WITH AUT'),
('08V214000', 'Ferrari', 'FERRARI IS RECALLING 366 MY 2005-2007 612 SCAGLIETTI VEHICLES EQUIPPED WITH F1 TRANSMISSIONS.  A'),
('08V217000', 'Bentley', ' BENTLEY IS RECALLING 13 420 MY 2004-2008 CONTINENTAL GT  CONTINENTAL GT SPEED  CONTINENTAL FLYI'),
('08V344000', 'GMC', 'KNAPHEIDE IS RECALLING 108 MY 2006-2008 PRO SERIES TRUCK BEDS EQUIPPED WITH AN ICC BUMPER WHICH '),
('08V390000', 'smart', ' SMART USA IS RECALLING 43 MY 2008 FORTWO 451 VEHICLES.    A SINGLE BATCH OF PAINT SENT TO THE C'),
('09E012000', 'Toyota', ' SABERSPORT IS RECALLING 16 270 COMBINATION CORNER AND BUMPER LAMP ASSEMBLIES OF VARIOUS PART NU'),
('09E025000', 'Honda', ' DOPE  INC. IS RECALLING 42 540 COMBINATION CORNER AND BUMPER LAMP ASSEMBLIES OF VARIOUS PART NU'),
('09V024000', 'Freightliner', ' DAIMLER TRUCKS IS RECALLING 14181 MY 2007-2009 FREIGHTLINER CASCADIA TRUCKS EQUIPPED WITH CAB S'),
('09V091000', 'Chevrolet', ' LDV IS RECALLING 81 TRUCKS BUILT ON CHEVROLET AND FORD MY 2007-2009 C5500  MY 2008-2009 W5500  '),
('09V277000', 'Subaru', ' SUBARU IS RECALLING 15 761 MY 2005-2006 BAJA VEHICLES. CRACKS MAY DEVELOP IN THE FUEL HOSE CONN'),
('09V357000', 'Freightliner', ' DAIMLER TRUCKS IS RECALLING CERTAIN MODEL YEAR 2005 THROUGH 2010 HEAVY DUTY TRUCKS MANUFACTURED'),
('09V428000', 'Freightliner', ' DAIMLER TRUCKS IS RECALLING MODEL YEAR 2009-2010 FREIGHTLINER  AND STERLING VEHICLES EQUIPPED D'),
('10V035000', 'Toyota', ' GULF STATES TOYOTA IS RECALLING CERTAIN MODEL YEAR 2005-2010 VEHICLES FOR FAILING TO COMPLY WIT'),
('10V309000', 'Toyota', ' TOYOTA IS RECALLING CERTAIN MODEL YEAR 2006 THROUGH 2008 LEXUS PASSENGER CARS MANUFACTURED FROM'),
('10V426000', 'Hyundai', ' HYUNDAI IS RECALLING CERTAIN MODEL YEAR 2011 SONATA VEHICLES MANUFACTURED FROM DECEMBER 11  200'),
('10V449000', 'Aston', ' ASTON MARTIN IS RECALLING CERTAIN MODEL YEAR 2007-2008 DB9 COUPE  DB9 VOLANTE  V8 VANTAGE COUPE'),
('10V553000', 'Buick', ' GENERAL MOTORS IS RECALLING CERTAIN MODEL YEAR 2010-2011 DTS AND BUICK LUCERNE VEHICLES EQUIPPE'),
('11E022000', 'Acura', ' AFFINIA IS RECALLING CERTAIN AFTERMARKET FRONT SUSPENSION LOWER BALL JOINTS  NAPA PART NO. 2601'),
('11V106000', 'Honda', 'HONDA IS RECALLING CERTAIN MODEL YEAR 2006-2007 HONDA CIVIC HYBRID VEHICLES.  THERE IS A POTENTI'),
('11V221000', 'Chevrolet', 'GENERAL MOTORS IS RECALLING CERTAIN MODEL YEAR 2011 CHEVROLET CRUZE VEHICLES.  DURING MANUFACTUR'),
('11V330000', 'Freightliner', ' DTNA IS RECALLING CERTAIN MODEL YEAR 2008-2012 FREIGHTLINER; CASCADIA  CENTURY CLASS  COLUMBIA '),
('11V395000', 'Honda', ' HONDA IS RECALLING CERTAIN MODEL YEAR 2005-2010 ACCORD  2007-2010 CR-V  AND 2005-2008 ELEMENT P'),
('11V464000', 'Subaru', ' SUBARU IS RECALLING CERTAIN MODEL YEAR 2002-2007 IMPREZA  MODEL YEAR 2003-2008 FORESTER  AND MO'),
('11V510000', 'Lotus', ' LOTUS IS RECALLING CERTAIN MODEL YEAR 2005-2007 ELISE AND EXIGE VEHICLES MANUFACTURED FROM JUNE'),
('11V536000', 'Cadillac', ' GM IS RECALLING CERTAIN MODEL YEAR 2012 CADILLAC CTS VEHICLES MANUFACTURED FROM OCTOBER 21  201'),
('11V592000', 'INFINITI', ' NISSAN IS RECALLING CERTAIN MODEL YEAR 2011 INFINITI FX  MODEL YEAR 2012 INFINITI M  MODEL YEAR'),
('12V305000', 'Toyota', ' Toyota is recalling certain model year 2010 Lexus RX350 and RX450h vehicles  manufactured from '),
('12V477000', 'Lotus', ' Lotus is recalling certain model year 2011 Evora supercharged vehicles manufactured from Februa'),
('12V524000', 'Mitsubishi', ' Mitsubishi Fuso Truck of America (MFTA) is recalling certain model year 2012-2013 FEC52  FEC72 '),
('13V094000', 'Nissan', ' Nissan is recalling certain model year 2013 Titan trucks manufactured from January 22  2013  th'),
('13V113000', 'Hyundai', ' Hyundai Motor Company (Hyundai) is recalling certain model year 2006-2009 Accent  model year 20'),
('13V114000', 'Kia', ' Kia Motors Corporation (Kia) is recalling certain model year 2007-2010 Rondo  model year 2007-2'),
('13V147000', 'GMC', ' Explorer Van Company  Inc. is recalling certain model year 2013 Explorer and Explorer Limited S'),
('13V175000', 'Jeep', ' Chrysler Group LLC (Chrysler) is recalling certain model year 2005-2010 Jeep Grand Cherokee veh'),
('13V228000', 'Aston', ' Aston Martin is recalling certain model year DB9  Virage  V8 Vantage  V12 Vantage  and Rapide v'),
('13V248000', 'GMC', ' General Motors (GM) is recalling certain model year 2005-2007 SAAB 9-7x; 2006 Chevrolet Trailbl'),
('13V259000', 'GMC', ' Isuzu Manufacturing Services of America  Inc. (Isuzu) is recalling certain model year 2001-2013'),
('13V289000', 'Jeep', ' Chrysler is recalling certain model year 2014  non-SRT trimmed  Grand Cherokee vehicles manufac'),
('13V314000', 'Lotus', ' Lotus Cars USA  Inc. is recalling certain model year 2011 Evora supercharged vehicles equipped '),
('13V450000', 'Audi', ' Volkswagen Group of America  Inc. (Volkswagen) is recalling certain model year 2013-2014 Audi S'),
('13V489000', 'Hyundai', ' Hyundai is recalling certain model year 2009-2012 Genesis vehicles manufactured April 30  2008 '),
('14E007000', 'Volkswagen', ' The Gates Corporation (Gates) is recalling certain aftermarket Tru-Flow Water Pumps  part numbe'),
('14E012000', 'Honda', ' Ohlins Racing AB (Ohlins) is recalling certain steering dampers kits manufactured with an incor'),
('14V010000', 'Martin', ' Aston Martin Lagonda of North America (Aston Martin) is recalling certain model year 2008-2014 '),
('14V261000', 'Chevrolet', ' General Motors is recalling certain model year 2004-2008 Chevrolet Aveo vehicles equipped with '),
('14V404000', 'Buick', ' General Motors LLC (GM) is recalling certain model year 2005-2007 SAAB 9-7x; 2006 Chevrolet Tra'),
('14V422000', 'MINI', ' BMW of North America  LLC (BMW) is recalling a certain model year BMW i3 vehicle manufactured M'),
('14V435000', 'Hyundai', ' Hyundai Motor Company (Hyundai) is recalling certain model Year 2001-2006 Santa Fe vehicles man'),
('14V624000', 'Cadillac', ' General Motors LLC (GM) is recalling certain model year 2015 Cadillac Escalade and Escalade ESV'),
('14V743000', 'Toyota', ' Southeast Toyota Distributors  LLC (SET) is recalling certain model year 2010-2011 Prius and Co'),
('14V753000', 'Aston', ' Aston Martin Lagonda of North America (Aston Martin) is recalling certain model year 2006-2014 '),
('14V758000', 'Freightliner', ' Daimler Trucks North America LLC (DTNA) is recalling certain model year 2015 Freightliner Busin'),
('15V157000', 'GMC', ' General Motors LLC (GM) is recalling certain model year 2015 Chevrolet Colorado vehicles manufa'),
('15V439000', 'Honda', ' Honda (American Honda Motor Co.) is recalling certain model year 2013-2015 ST1300PA  2014-2015 '),
('15V483000', 'Volkswagen', ' Volkswagen Group of America  Inc. (Volkswagen) is recalling certain model year 2010-2014 Volksw'),
('15V504000', 'Mitsubishi', ' Mitsubishi Fuso Truck of America  Inc. (MFTA) is recalling certain model year 2012-2016 FEC52 v'),
('15V586000', 'Freightliner', ' Daimler Trucks North America LLC (DTNA) is recalling certain model year 2014-2016 Freightliner '),
('15V629000', 'Hyundai', ' Hyundai Motor America (Hyundai) is recalling certain model year 2011 Elantra vehicles manufactu'),
('15V846000', 'Martin', ' Aston Martin Lagonda of North America (Aston Martin) is recalling certain model year 2010-2015 '),
('15V871000', 'Hyundai', ' Hyundai Motor America (Hyundai) is recalling certain model year 2011-2012 Elantra vehicles manu'),
('16V029000', 'Nissan', ' Nissan North America  Inc. (Nissan) is recalling certain model year 2013-2015 Nissan Altima veh'),
('16V137000', 'Jaguar', ' Jaguar Land Rover North America  LLC (Jaguar) is recalling certain model year 2013-2015 Jaguar '),
('16V183000', 'Lincoln', ' Ford Motor Company (Ford) is recalling certain model year 2015-2016 Lincoln MKC vehicles manufa'),
('16V256000', 'Cadillac', ' General Motors LLC (GM) is recalling certain model year 2016-2017 Chevrolet Silverado 1500 and '),
('16V302000', 'FIAT', ' Chrysler (FCA US LLC) is recalling certain model year 2012-2016 Fiat 500 vehicles manufactured '),
('16V303000', 'FIAT', ' Chrysler (FCA US LLC) is recalling certain model year 2013-2016 Fiat 500e vehicles manufactured'),
('16V349000', 'INFINITI', ' Nissan North America  Inc. (Nissan) is recalling certain model year 2003-2008 Infiniti FX35 and'),
('16V354000', 'MAZDA', ' Mazda North American Operations (Mazda) is recalling certain model year 2004-2011 RX-8  2004-20'),
('16V358000', 'Subaru', ' Subaru of America  Inc. (Subaru) is recalling certain model year 2003-2004 Legacy  Outback  200'),
('16V576000', 'Subaru', ' Subaru of America  Inc. (Subaru) is recalling certain model year 2017 Outback vehicles manufact'),
('16V580000', 'Hyundai', ' Hyundai Translead (HT) is recalling certain model year 2004-2016 Dry Van  Reefer Van  Chassis  '),
('16V595000', 'Buick', ' General Motors LLC (GM) is recalling certain model year 2016 Buick Verano vehicles manufactured'),
('16V641000', 'Audi', ' Volkswagen Group of America  Inc. (Volkswagen) is recalling certain model year 2017 Audi Q7 veh'),
('16V651000', 'Buick', ' General Motors LLC (GM) is recalling certain model year 2015-2017 Chevrolet Silverado 2500 HD  '),
('16V812000', 'Hyundai', ' Hyundai Translead is recalling certain model year 2012-2013 HT Hycube  HT Composite-XT  HT Orig'),
('16V836000', 'Volvo', ' Volvo Bus Corporation (Volvo Bus) is recalling certain model year 2008-2017 9700 buses manufact'),
('16V842000', 'Hyundai', ' Hyundai Motor America (Hyundai) is recalling certain model year 2016-2017 Tucson vehicles manuf'),
('16V907000', 'Jeep', ' Chrysler (FCA US LLC) is recalling certain model year 2016 Dodge Journey  Jeep Compass  and Jee'),
('17V014000', 'Subaru', ' Subaru of America  Inc. (Subaru) is recalling certain 2005-2006 Subaru Baja  2006-2011 Impreza '),
('17V024000', 'Lincoln', ' Ford Motor Company (Ford) is recalling certain 2012 Ford Fusion and Mustang and Lincoln Zephyr '),
('17V260000', 'Tesla', ' Tesla  Inc. (Tesla) is recalling certain 2016 Model S and Model X vehicles.  The electric parki'),
('17V328000', 'BMW', ' BMW of North America  LLC (BMW) is recalling certain 2005-2008 745i  745Li  750i  750Li  760i  '),
('17V359000', 'Hyundai', ' Hyundai Motor America (Hyundai) is recalling certain 2015-2016 Sonata and Genesis vehicles.  In'),
('17V389000', 'Aston', ' Aston Martin The Americas (Aston Martin) is recalling certain 2011-2012 V8 Vantage vehicles.  T'),
('17V448000', 'smart', ' Mercedes-Benz USA  LLC (MBUSA) is recalling certain 2016 smart fortwo vehicles.  In these vehic'),
('17V457000', 'MAZDA', ' Mazda North America Operations (Mazda) is recalling certain 2012 CX-7  CX-9 and Mazda6 vehicles'),
('17V545000', 'Acura', ' Honda (American Honda Motor Co.) is recalling certain 2008-2012 Accord  2010-2012 Accord Crosst'),
('17V761000', 'Freightliner', ' Daimler Trucks North America  LLC (DTNA) is recalling certain 2008-2018 Freightliner Cascadia  '),
('17V769000', 'Hyundai', ' Hyundai Motor Company (Hyundai) is recalling certain 2013-2014 Elantra sedan  coupe and GT vehi'),
('18E016000', 'BMW', ' BMW of North America  LLC (BMW) is recalling certain Accessory Windscreens  sold for installati'),
('18V025000', 'Toyota', ' On January 9  2018  Toyota Motor Engineering & Manufacturing (Toyota) notified NHTSA that they '),
('18V031000', 'Tesla', ' Tesla  Inc. (Tesla) is recalling all 2013 Model S vehicles equipped with certain air bag inflat'),
('18V042000', 'Honda', ' Honda (American Honda Motor Co.) is recalling certain 2010-2013 Acura TSX  ZDX  Honda Accord Cr'),
('18V047000', 'Mitsubishi', ' Mitsubishi Fuso Truck of America  Inc. (MFTA) is recalling certain 2004-2017 FE84D  FE85D  FEC5'),
('18V082000', 'Audi', ' Volkswagen Group of America  Inc. (Volkswagen) is recalling certain 2006-2013 Audi A3  2007-200'),
('18V170000', 'Honda', ' Honda (American Honda Motor Co.) is recalling certain 2014-2016 Honda Odyssey vehicles.  The se'),
('18V188000', 'Ferrari', ' Ferrari North America  Inc. (Ferrari) is recalling certain 2009-2011 Ferrari California  and 20'),
('18V204000', 'Tesla', ' Tesla  Inc. (Tesla) is recalling certain 2012-2016 Tesla Model S vehicles equipped with Bosch s'),
('18V229000', 'Audi', ' Volkswagen Group of America  Inc. (Volkswagen) is recalling certain 2013-2017 Audi A5 Cabriolet'),
('18V231000', 'Jeep', ' Chrysler (FCA US LLC) is recalling certain 2018 Jeep Wrangler vehicles.  The rear under body la'),
('18V248000', 'MINI', ' BMW of North America  LLC (BMW) is recalling certain 2011-2012 BMW 550i  550i xDrive  550i Gran'),
('18V268000', 'Honda', ' Honda (American Honda Motor Co.) is recalling certain 2003-2012 Honda Accord and Pilot  2010 Ac'),
('18V332000', 'Dodge', ' Chrysler (FCA US LLC) is recalling certain 2014-2018 Dodge Journey  Charger and Durango  RAM 25'),
('18V427000', 'Audi', ' Volkswagen Group of America  Inc. (Volkswagen) is recalling certain 2005-2008 Audi A4 Sedan  A4'),
('18V432000', 'Toyota', ' Toyota Motor Engineering & Manufacturing (Toyota) is recalling certain 2007-2011 Lexus GS350 an'),
('18V525000', 'Freightliner', ' Daimler Trucks North America  LLC (DTNA) is recalling certain 2018-2019 Freightliner 108SD  114'),
('18V576000', 'Chevrolet', ' General Motors LLC (GM) is recalling certain 2018-2019 Chevrolet Equinox  Impala  Cruze  Volt a'),
('18V800000', 'Volvo', ' Volvo Car USA LLC (Volvo) is recalling certain 2017-2019 Volvo XC90  S90  V60  V60 Cross Countr'),
('18V828000', 'Romeo', ' Chrysler (FCA US LLC) is recalling certain 2017-2018 Alfa Romeo Giulia vehicles equipped with G'),
('18V844000', 'Porsche', ' Porsche Cars North America  Inc. (Porsche) is recalling certain 2017 Porsche Cayenne Turbo S  C'),
('18V907000', 'Kia', ' Kia Motors America (Kia) is recalling certain 2011-2017 Optima  2012-2017 Sorento and 2011-2018'),
('19V006000', 'Ferrari', ' Ferrari North America (Ferrari) is recalling certain 2014 Ferrari California  2014-2015 Ferrari'),
('19V008000', 'Subaru', ' Subaru of America  Inc. (Subaru) is recalling certain 2010-2014 Tribeca  WRX  Outback  and Lega'),
('19V035000', 'Audi', ' Volkswagen Group of America  Inc. (Audi) is recalling certain 2016-2018 Q7  A6 and A7 vehicles '),
('19V052000', 'Acura', ' Acura (American Honda Motor Co.) is recalling certain 2014-2019 Acura ILX vehicles.  The vehicl'),
('19V090000', 'Ferrari', ' Ferrari North America  Inc. (Ferrari) is recalling certain 2017 LaFerrari Aperta  2018-2019 488'),
('19V115000', 'Porsche', ' Porsche Cars North America  Inc. (Porsche) is recalling certain 2018 Panamera 4 Executive  Pana'),
('19V146000', 'Freightliner', ' A-1 Auto Electric (A-1) is recalling certain 2015 Freightliner Refuse vehicles modified to be p'),
('19V148000', 'Alfa', 'FCA US LLC (Alfa Romeo) is recalling certain 2018-2019 Alfa Romeo Stelvio and 2017-2019 Giulia v'),
('19V149000', 'Subaru', ' Subaru of America  Inc. (Subaru) is recalling certain 2014-2016 Forester  2008-2016 Impreza sed'),
('19V188000', 'Volkswagen', ' Volkswagen Group of America  Inc. (Volkswagen) is recalling certain 2017-2019 Golf Sportwagen  '),
('19V256000', 'Acura', ' Honda (American Honda Motor Co.) is recalling certain 2014-2019 Acura MDX and 2017-2019 Acura M'),
('19V293000', 'Dodge', 'Chrysler (FCA US LLC) is recalling certain 2013-2016 Dodge Dart vehicles equipped with 6-speed a'),
('19V461000', 'Maserati', ' Maserati North America  Inc. (Maserati) is recalling certain 2015-2018 Granturismo and 2016-201'),
('98V322000', 'Lincoln', ' VEHICLE DESCRIPTION:  CERTAIN 1996-1999 FORD CROWN VICTORIA POLICE  FLEET  NATURAL GAS  AND 199');

-- --------------------------------------------------------

--
-- Table structure for table `Repairs`
--

CREATE TABLE `Repairs` (
  `repairID` int(16) UNSIGNED NOT NULL,
  `start_date` date NOT NULL,
  `end_date` date NOT NULL,
  `repair_status` varchar(100) COLLATE utf8mb4_unicode_ci NOT NULL,
  `total_cost` float(254,4) UNSIGNED NOT NULL,
  `repair_description` varchar(300) COLLATE utf8mb4_unicode_ci NOT NULL,
  `vendor_name` varchar(100) COLLATE utf8mb4_unicode_ci NOT NULL,
  `NHTSA_recall_number` varchar(100) COLLATE utf8mb4_unicode_ci NOT NULL
) ENGINE=InnoDB DEFAULT CHARSET=utf8mb4 COLLATE=utf8mb4_unicode_ci;

--
-- Dumping data for table `Repairs`
--

INSERT INTO `Repairs` (`repairID`, `start_date`, `end_date`, `repair_status`, `total_cost`, `repair_description`, `vendor_name`, `NHTSA_recall_number`) VALUES
(1, '2019-01-02', '2019-01-03', 'completed', 58.1700, 'adjust block heater; replace brake pedal spring; ', 'Rundofase', ''),
(2, '2019-01-06', '2019-01-06', 'pending', 29.0800, 'repair direct injection system; fix cylinder head bolts; ', 'Rundofase', ''),
(3, '2019-01-06', '2019-01-08', 'completed', 25.7800, 'change memory settings of the onboard computer; reduce fuel consumption; ', 'Zoomit', '19V035000'),
(4, '2019-01-08', '2019-02-02', 'in progress', 163.1100, 'replace water pump; change steering rack; ', 'Cancity', ''),
(5, '2019-01-08', '2019-01-08', 'completed', 29.0800, 'adjust adaptive cruise control; add knee airbags; ', 'Toughzap', ''),
(6, '2019-01-09', '2019-01-18', 'in progress', 235.7000, 'reduce carbon footprint; adjust retractable mirrors; ', 'Cancity', ''),
(7, '2019-01-09', '2019-01-10', 'completed', 58.1700, 'change suspension fluid; replace catalytic converter; ', 'Newex', '14V624000'),
(8, '2019-01-10', '2019-01-17', 'in progress', 547.4200, 'repair seatbelt force limiters; replace tail lights; ', 'Zoomit', ''),
(9, '2019-01-13', '2019-01-13', 'in progress', 29.0800, 'adjust accelerator pedal linkage; ', 'Zencorporation', ''),
(10, '2019-01-14', '2019-01-15', 'completed', 32.5700, 'adjust turn signals; change memory settings of the onboard computer; ', 'Rundofase', ''),
(11, '2019-01-14', '2019-01-18', 'in progress', 51.2600, 'install curtain airbags; install smoked glass; ', 'Zoomit', '06V445000'),
(12, '2019-01-14', '2019-01-17', 'pending', 29.0800, 'configure universal remote control; adjust turn signals; ', 'Zoomit', ''),
(13, '2019-01-16', '2019-01-19', 'pending', 118.7300, 'repair direct injection system; install anti-theft alarm; ', 'Zoomit', ''),
(14, '2019-01-17', '2019-01-19', 'completed', 16.2900, 'repair seatbelt force limiters; ', 'Fasehatice', ''),
(15, '2019-01-17', '2019-03-25', 'completed', 4118.6802, 'improve engine performance; adjust adaptive cruise control; ', 'Newex', ''),
(16, '2019-01-17', '2019-01-17', 'pending', 51.0300, 'fix a-pillar; ', 'Zumgoity', '15V504000'),
(17, '2019-01-19', '2019-02-11', 'pending', 1073.0000, 'replace radiator hoses; replace radiator core & ac condenser; ', 'Zencorporation', '09E012000'),
(18, '2019-01-19', '2019-01-19', 'in progress', 47.6400, 'install smoked glass; adjust low fuel warning indicator; ', 'Zoomit', ''),
(19, '2019-01-19', '2019-01-22', 'completed', 204.1300, 'fix rear defroster; reduce blind spot; ', 'Zumgoity', ''),
(20, '2019-01-20', '2019-02-27', 'pending', 664.3200, 'replace catalytic converter; replace diverter valve; ', 'Fasehatice', ''),
(21, '2019-01-20', '2019-01-20', 'in progress', 16.2900, 'install dusk-sensing headlights; install on-board diagnosis system; ', 'Toughzap', '09V428000'),
(22, '2019-01-22', '2019-01-28', 'pending', 333.5100, 'adjust traction control system; adjust retractable mirrors; ', 'Fasehatice', ''),
(23, '2019-01-23', '2019-01-25', 'in progress', 79.1500, 'prevent fuel pump shutoff; reduce blind spot; ', 'Toughzap', ''),
(24, '2019-01-24', '2019-01-26', 'in progress', 153.1000, 'replace ace filter; replace ace filter; ', 'Zoomit', '06E064000'),
(25, '2019-01-24', '2019-01-28', 'in progress', 81.4300, 'change speaker configuration; change timing belt; ', 'Zoomit', '06V205000'),
(26, '2019-01-24', '2019-03-29', 'in progress', 235.3000, 'change brake linings; replace crankcase ventilation filter; ', 'Zoomit', ''),
(27, '2019-01-25', '2019-01-27', 'pending', 102.7800, 'change brake linings; install curtain airbags; ', 'Fasehatice', ''),
(28, '2019-01-25', '2019-02-14', 'pending', 57.0600, 'check drive axle boots; change timing belt; ', 'Zencorporation', ''),
(29, '2019-01-25', '2019-02-14', 'pending', 117.8500, 'adjust running boards; replace catalytic converter; ', 'Zoomit', ''),
(30, '2019-01-25', '2019-02-01', 'completed', 154.4200, 'attach spoiler; fix a-pillar; ', 'Zumgoity', ''),
(31, '2019-01-26', '2019-02-28', 'pending', 340.0500, 'change oil filter; repair shiftable automatic transmission; ', 'Fasehatice', ''),
(32, '2019-01-26', '2019-04-20', 'completed', 17.4200, 'attach spoiler; set up satellite radio; ', 'Zoomit', ''),
(34, '2019-01-27', '2019-02-12', 'pending', 17.4200, 'add knee airbags; adjust low fuel warning indicator; ', 'Cancity', ''),
(35, '2019-01-28', '2019-01-29', 'completed', 102.0700, 'fix sunroof; adjust regenerative braking; ', 'Cancity', '12V524000'),
(36, '2019-01-28', '2019-02-01', 'completed', 18.8600, 'improve cylinder configuration; attach seat extension; ', 'Cancity', ''),
(37, '2019-01-28', '2019-01-31', 'pending', 79.1500, 'reduce carbon footprint; fix rear hvac; ', 'Rundofase', ''),
(38, '2019-01-29', '2019-01-29', 'completed', 25.6300, 'replace crankcase ventilation filter; change suspension fluid; ', 'Fasehatice', '17V359000'),
(39, '2019-01-30', '2019-02-15', 'pending', 205.2800, 'change wheel cylinders; repair direct injection system; ', 'Fasehatice', ''),
(40, '2019-01-30', '2019-01-30', 'in progress', 51.0300, 'replace tail lights; change pcv filter/pcv valve; ', 'Toughzap', ''),
(41, '2019-01-30', '2019-02-18', 'completed', 486.9500, 'adjust retractable mirrors; adjust ignition timing; ', 'Zoomit', ''),
(42, '2019-01-31', '2019-02-02', 'completed', 87.2500, 'repair seatbelt force limiters; fix solar sunroof; ', 'Toughzap', ''),
(43, '2019-02-01', '2019-02-02', 'pending', 68.5200, 'attach seat extension; reduce blind spot; ', 'Rundofase', '17V389000'),
(44, '2019-02-02', '2019-02-03', 'completed', 51.0300, 'change wheel cylinders; replace brake pedal spring; ', 'Newex', ''),
(45, '2019-02-03', '2019-02-09', 'in progress', 37.7200, 'adjust hybrid performance; fix broken tow hooks; ', 'Rundofase', '19V090000'),
(46, '2019-02-03', '2019-02-16', 'pending', 381.6900, 'add knee airbags; adjust climate control; ', 'Toughzap', ''),
(47, '2019-02-03', '2019-02-05', 'completed', 158.6000, 'fix external temperature display; reduce fuel consumption; ', 'Zoomit', '00V371000'),
(48, '2019-02-04', '2019-02-10', 'completed', 205.5700, 'install dusk-sensing headlights; repair direct injection system; ', 'Rundofase', ''),
(49, '2019-02-04', '2019-02-04', 'pending', 29.0800, 'attach exterior camera; replace crankcase ventilation filter; ', 'Toughzap', ''),
(50, '2019-02-05', '2019-02-19', 'pending', 58.1700, 'install intelligent alternator; adjust block heater; ', 'Newex', ''),
(52, '2019-02-06', '2019-02-18', 'in progress', 177.9400, 'check drive axle boots; install turbocharger; ', 'Toughzap', ''),
(53, '2019-02-06', '2019-02-06', 'pending', 39.5800, 'install optional equipment; change speaker configuration; ', 'Zencorporation', '03V509000'),
(54, '2019-02-07', '2019-02-18', 'completed', 386.0500, 'fix nvh dampening system; ', 'Toughzap', ''),
(55, '2019-02-07', '2019-02-21', 'completed', 142.4100, 'fix power activated release; change timing belt; ', 'Zoomit', ''),
(56, '2019-02-09', '2019-02-11', 'pending', 161.0400, 'reduce carbon footprint; install separate rear audio; ', 'Cancity', ''),
(57, '2019-02-10', '2019-02-12', 'in progress', 17.5000, 'change brake linings; adjust climate control; ', 'Newex', '13V114000'),
(58, '2019-02-10', '2019-02-10', 'in progress', 41.5700, 'change speaker configuration; adjust retractable mirrors; ', 'Zumgoity', ''),
(59, '2019-02-10', '2019-02-12', 'completed', 14.7200, 'attach exterior camera; change wheel cylinders; ', 'Zumgoity', '14V753000'),
(60, '2019-02-11', '2019-02-24', 'completed', 278.9300, 'fix external temperature display; correct abs; ', 'Toughzap', ''),
(61, '2019-02-12', '2019-02-17', 'in progress', 90.0500, 'fix broken tow hooks; refurbish power steering; ', 'Cancity', ''),
(62, '2019-02-12', '2019-02-23', 'completed', 83.1500, 'replace catalytic converter; replace crankcase ventilation filter; ', 'Fasehatice', ''),
(63, '2019-02-12', '2019-02-17', 'pending', 107.9500, 'install separate rear audio; adjust low fuel warning indicator; ', 'Zumgoity', ''),
(65, '2019-02-13', '2019-02-14', 'completed', 158.6000, 'fix sunroof; fix ventilated seats; ', 'Toughzap', ''),
(66, '2019-02-14', '2019-02-17', 'in progress', 137.0500, 'fix nvh dampening system; fix steering damper; ', 'Zencorporation', ''),
(67, '2019-02-15', '2019-02-16', 'pending', 41.7000, 'change purge valve; configure audio remote control; ', 'Cancity', '11V510000'),
(68, '2019-02-15', '2019-02-17', 'pending', 34.8400, 'adjust retractable mirrors; fix ventilated seats; ', 'Toughzap', ''),
(69, '2019-02-15', '2019-02-17', 'in progress', 25.7800, 'repair cooled seats; set up auto-delay headlights; ', 'Zencorporation', '04V133000'),
(70, '2019-02-16', '2019-02-20', 'pending', 90.1000, 'attach seat extension; set up satellite radio; ', 'Cancity', ''),
(71, '2019-02-16', '2019-02-23', 'in progress', 166.8500, 'change memory settings of the onboard computer; correct abs; ', 'Rundofase', ''),
(72, '2019-02-16', '2019-02-24', 'completed', 444.9000, 'change pcv filter/pcv valve; install smoked glass; ', 'Zumgoity', ''),
(73, '2019-02-17', '2019-03-20', 'pending', 366.7300, 'set up auto-delay headlights; ', 'Newex', ''),
(74, '2019-02-18', '2019-02-18', 'in progress', 20.8500, 'install dusk-sensing headlights; install active pedestrian protection system; ', 'Newex', ''),
(75, '2019-02-18', '2019-02-18', 'in progress', 79.3000, 'install vanity mirrors; repair shiftable automatic transmission; ', 'Toughzap', ''),
(76, '2019-02-18', '2019-02-25', 'pending', 10.1300, 'replace stabilizer bar; change oil filter; ', 'Zencorporation', '06V328000'),
(77, '2019-02-19', '2019-02-24', 'completed', 396.5000, 'repair direct injection system; set up gyro sensor; ', 'Fasehatice', ''),
(78, '2019-02-19', '2019-02-20', 'pending', 34.8400, 'repair seatbelt force limiters; fix external temperature display; ', 'Rundofase', ''),
(79, '2019-02-19', '2019-02-21', 'completed', 68.5200, 'adjust adaptive cruise control; install optional equipment; ', 'Zencorporation', ''),
(80, '2019-02-20', '2019-02-23', 'completed', 87.2500, 'change speaker configuration; attach seat extension; ', 'Rundofase', ''),
(81, '2019-02-20', '2019-03-14', 'pending', 715.0700, 'change pcv filter/pcv valve; set up auto-delay headlights; ', 'Toughzap', ''),
(82, '2019-02-21', '2019-02-23', 'completed', 47.4300, 'refurbish power steering; fix rear defroster; ', 'Cancity', ''),
(83, '2019-02-21', '2019-03-03', 'completed', 684.2800, 'prevent fuel pump shutoff; ', 'Newex', ''),
(84, '2019-02-21', '2019-02-28', 'pending', 14.5600, 'fix nvh dampening system; make polarization coating; ', 'Zencorporation', ''),
(85, '2019-02-22', '2019-02-26', 'pending', 89.9500, 'replace crankcase ventilation filter; ', 'Newex', ''),
(86, '2019-02-22', '2019-02-24', 'completed', 24.1500, 'fix cylinder head bolts; change purge valve; ', 'Rundofase', ''),
(87, '2019-02-22', '2019-02-26', 'pending', 22.5100, 'improve engine performance; adjust reverse tilt mirrors; ', 'Zencorporation', ''),
(88, '2019-02-22', '2019-03-03', 'pending', 141.3200, 'correct abs; replace radiator core & ac condenser; ', 'Zoomit', ''),
(89, '2019-02-23', '2019-02-23', 'pending', 17.4200, 'adjust turn signals; change speaker configuration; ', 'Cancity', ''),
(90, '2019-02-23', '2019-02-25', 'completed', 20.8500, 'install on-board diagnosis system; ', 'Fasehatice', ''),
(91, '2019-02-23', '2019-03-01', 'completed', 128.1500, 'improve cylinder configuration; ', 'Zencorporation', ''),
(92, '2019-02-23', '2019-02-28', 'completed', 35.6000, 'install vanity mirrors; set up gyro sensor; ', 'Zumgoity', ''),
(93, '2019-02-24', '2019-02-24', 'completed', 17.4200, 'reconfigure service reminder light; adjust adaptive cruise control; ', 'Cancity', ''),
(94, '2019-02-24', '2019-03-01', 'in progress', 167.9100, 'adjust adaptive cruise control; adjust seat belts tension; ', 'Fasehatice', ''),
(95, '2019-02-24', '2019-02-24', 'completed', 29.0800, 'refurbish power steering; install optional equipment; ', 'Fasehatice', ''),
(96, '2019-02-24', '2019-03-01', 'in progress', 68.5200, 'install dusk-sensing headlights; adjust ignition timing; ', 'Newex', '14V753000'),
(97, '2019-02-25', '2019-03-29', 'in progress', 1430.6700, 'replace liftgate window; refurbish power steering; ', 'Cancity', ''),
(98, '2019-02-25', '2019-03-09', 'completed', 444.9000, 'reduce carbon footprint; replace stabilizer bar; ', 'Zencorporation', '09V277000'),
(99, '2019-02-25', '2019-03-01', 'completed', 57.0600, 'reduce fuel consumption; adjust block heater; ', 'Zencorporation', '05V353000'),
(100, '2019-02-25', '2019-02-25', 'pending', 29.0800, 'replace liftgate window; adjust traction control system; ', 'Zencorporation', ''),
(101, '2019-02-25', '2019-02-27', 'completed', 41.5700, 'change purge valve; add knee airbags; ', 'Zoomit', ''),
(102, '2019-02-25', '2019-03-02', 'in progress', 237.9000, 'repair seatbelt force limiters; change coolant; ', 'Zoomit', ''),
(103, '2019-02-25', '2019-02-26', 'completed', 17.4200, 'adjust accelerator pedal linkage; ', 'Zoomit', ''),
(104, '2019-02-25', '2019-03-02', 'in progress', 268.3900, 'replace crankcase ventilation filter; adjust climate control; ', 'Zoomit', ''),
(105, '2019-02-25', '2019-02-26', 'pending', 66.7400, 'replace crankcase ventilation filter; install intelligent alternator; ', 'Zumgoity', ''),
(106, '2019-02-26', '2019-02-26', 'completed', 20.8500, 'adjust ignition timing; install active pedestrian protection system; ', 'Fasehatice', ''),
(107, '2019-02-26', '2019-02-27', 'completed', 37.7200, 'adjust climate control; adjust low fuel warning indicator; ', 'Rundofase', ''),
(108, '2019-02-26', '2019-04-19', 'completed', 31.8100, 'configure universal remote control; adjust adaptive cruise control; ', 'Zoomit', ''),
(109, '2019-02-26', '2019-02-26', 'pending', 24.1500, 'improve cylinder configuration; improve engine performance; ', 'Zoomit', ''),
(110, '2019-02-26', '2019-03-04', 'completed', 154.4200, 'change timing belt; ', 'Zoomit', ''),
(111, '2019-02-27', '2019-03-05', 'pending', 65.1700, 'change steering rack; fix external temperature display; ', 'Rundofase', ''),
(112, '2019-02-27', '2019-03-02', 'completed', 55.7900, 'adjust retractable mirrors; add knee airbags; ', 'Rundofase', '09V357000'),
(113, '2019-02-27', '2019-04-04', 'pending', 2242.7800, 'adjust climate control; repair cooled seats; ', 'Rundofase', ''),
(114, '2019-02-27', '2019-02-28', 'completed', 66.7400, 'change speaker configuration; attach spoiler; ', 'Toughzap', '08V016000'),
(115, '2019-02-27', '2019-03-13', 'pending', 131.6500, 'refurbish power steering; set up auto-delay headlights; ', 'Toughzap', ''),
(116, '2019-02-27', '2019-03-09', 'completed', 117.8500, 'replace diverter valve; change memory settings of the onboard computer; ', 'Zumgoity', ''),
(117, '2019-02-27', '2019-03-04', 'completed', 52.5100, 'repair seatbelt force limiters; ', 'Zumgoity', ''),
(118, '2019-02-28', '2019-03-08', 'completed', 125.9400, 'fix cylinder head bolts; attach seat extension; ', 'Fasehatice', ''),
(119, '2019-02-28', '2019-02-28', 'in progress', 136.7300, 'change memory settings of the onboard computer; make polarization coating; ', 'Toughzap', ''),
(120, '2019-02-28', '2019-03-01', 'in progress', 17.4200, 'prevent fuel pump shutoff; fix broken tow hooks; ', 'Zumgoity', ''),
(121, '2019-03-01', '2019-03-02', 'in progress', 14.5600, 'fix power activated release; ', 'Rundofase', '18V042000'),
(122, '2019-03-02', '2019-03-02', 'in progress', 44.2900, 'change steering rack; make polarization coating; ', 'Fasehatice', ''),
(123, '2019-03-02', '2019-03-02', 'in progress', 18.8600, 'fix air filter restriction indicator; add knee airbags; ', 'Rundofase', '18V188000'),
(124, '2019-03-02', '2019-03-02', 'in progress', 17.4200, 'change air conditioner refrigerant; adjust retractable mirrors; ', 'Rundofase', ''),
(125, '2019-03-03', '2019-03-06', 'pending', 34.2600, 'replace ace filter; replace serpentine belt; ', 'Fasehatice', ''),
(126, '2019-03-03', '2019-03-06', 'pending', 67.5400, 'change pcv filter/pcv valve; upgrade navigation system; ', 'Fasehatice', ''),
(127, '2019-03-03', '2019-03-05', 'completed', 66.7400, 'fix steering damper; make polarization coating; ', 'Newex', '05V248000'),
(128, '2019-03-03', '2019-03-04', 'pending', 18.8600, 'fix rear hvac; install smoked glass; ', 'Zumgoity', ''),
(129, '2019-03-04', '2019-03-04', 'completed', 53.6800, 'change timing belt; change oil filter; ', 'Cancity', ''),
(130, '2019-03-04', '2019-03-05', 'pending', 158.6000, 'add knee airbags; install dusk-sensing headlights; ', 'Fasehatice', ''),
(131, '2019-03-04', '2019-03-11', 'in progress', 45.3400, 'adjust traction control system; replace tail lights; ', 'Zencorporation', '02V238000'),
(132, '2019-03-04', '2019-03-20', 'completed', 265.7300, 'install turbocharger; improve cylinder configuration; ', 'Zumgoity', ''),
(133, '2019-03-04', '2019-03-05', 'pending', 27.8900, 'replace timing belt tensioner; fix external temperature display; ', 'Zumgoity', ''),
(134, '2019-03-04', '2019-03-28', 'completed', 1287.9800, 'replace water pump; ', 'Zumgoity', ''),
(135, '2019-03-05', '2019-03-19', 'completed', 459.9500, 'adjust climate control; install roof spoiler; ', 'Fasehatice', ''),
(136, '2019-03-05', '2019-03-05', 'pending', 37.8900, 'fix cylinder head bolts; adjust reverse tilt mirrors; ', 'Fasehatice', ''),
(137, '2019-03-05', '2019-03-05', 'in progress', 53.6800, 'adjust traction control system; install separate rear audio; ', 'Zoomit', '16V836000'),
(138, '2019-03-05', '2019-03-05', 'in progress', 14.5600, 'replace serpentine belt; install separate rear audio; ', 'Zumgoity', ''),
(139, '2019-03-06', '2019-03-09', 'in progress', 136.7300, 'adjust seat belts tension; ', 'Cancity', ''),
(140, '2019-03-06', '2019-04-25', 'pending', 216.4200, 'attach seat extension; replace radiator core & ac condenser; ', 'Zencorporation', ''),
(141, '2019-03-06', '2019-03-07', 'pending', 14.8300, 'change purge valve; ', 'Zumgoity', '18V229000'),
(142, '2019-03-08', '2019-03-25', 'in progress', 132.0200, 'install curtain airbags; install optional equipment; ', 'Cancity', ''),
(143, '2019-03-08', '2019-03-10', 'completed', 38.6100, 'install dusk-sensing headlights; set up satellite radio; ', 'Toughzap', ''),
(144, '2019-03-09', '2019-04-07', 'completed', 242.5800, 'change pcv filter/pcv valve; adjust block heater; ', 'Zencorporation', ''),
(145, '2019-03-09', '2019-03-16', 'in progress', 140.3300, 'replace stabilizer bar; improve engine performance; ', 'Zoomit', '18V844000'),
(146, '2019-03-10', '2019-03-10', 'pending', 136.7300, 'prevent fuel pump shutoff; fix steering damper; ', 'Cancity', ''),
(147, '2019-03-10', '2019-03-13', 'in progress', 99.1800, 'reduce fuel consumption; change air conditioner refrigerant; ', 'Fasehatice', ''),
(148, '2019-03-10', '2019-03-12', 'completed', 14.5600, 'change oil filter; adjust climate control; ', 'Toughzap', ''),
(149, '2019-03-10', '2019-03-11', 'completed', 79.3000, 'replace fuel filter; replace steering column lock; ', 'Zencorporation', ''),
(150, '2019-03-10', '2019-04-09', 'pending', 1300.1300, 'replace ace filter; replace radiator core & ac condenser; ', 'Zumgoity', ''),
(151, '2019-03-11', '2019-03-12', 'pending', 66.7400, 'add knee airbags; fix broken tow hooks; ', 'Fasehatice', ''),
(152, '2019-03-11', '2019-03-12', 'pending', 136.7300, 'repair cooled seats; replace brake pedal spring; ', 'Fasehatice', '19V115000'),
(153, '2019-03-11', '2019-03-19', 'in progress', 333.6800, 'change purge valve; fix cylinder head bolts; ', 'Newex', '17V014000'),
(154, '2019-03-12', '2019-04-04', 'in progress', 59.3100, 'replace serpentine belt; fix broken tow hooks; ', 'Zencorporation', ''),
(155, '2019-03-13', '2019-04-29', 'completed', 1462.3600, 'fix external temperature display; add knee airbags; ', 'Fasehatice', '13V228000'),
(156, '2019-03-13', '2019-03-17', 'pending', 102.5200, 'fix ventilated seats; ', 'Fasehatice', ''),
(157, '2019-03-13', '2019-03-18', 'pending', 157.1300, 'add knee airbags; refurbish power steering; ', 'Newex', ''),
(158, '2019-03-13', '2019-03-24', 'completed', 334.2100, 'adjust accelerator pedal linkage; upgrade navigation system; ', 'Zumgoity', '19V006000'),
(159, '2019-03-14', '2019-04-04', 'in progress', 75.7800, 'adjust seat belts tension; repair direct injection system; ', 'Newex', ''),
(160, '2019-03-14', '2019-03-15', 'in progress', 27.8900, 'set up satellite radio; replace ace filter; ', 'Zoomit', '18V525000'),
(161, '2019-03-14', '2019-03-21', 'in progress', 90.6800, 'add heated windshield; fix broken tow hooks; ', 'Zumgoity', ''),
(162, '2019-03-15', '2019-03-15', 'completed', 36.4200, 'reduce blind spot; adjust climate control; ', 'Fasehatice', ''),
(163, '2019-03-15', '2019-03-16', 'completed', 57.8500, 'replace stabilizer bar; install smoked glass; ', 'Zencorporation', '08V137000'),
(164, '2019-03-17', '2019-03-20', 'completed', 55.7900, 'remove oversteer; install on-board diagnosis system; ', 'Newex', ''),
(165, '2019-03-17', '2019-03-18', 'completed', 14.5600, 'change air conditioner refrigerant; change timing belt; ', 'Zoomit', ''),
(166, '2019-03-17', '2019-03-19', 'in progress', 52.5100, 'add knee airbags; adjust hybrid performance; ', 'Zoomit', ''),
(167, '2019-03-18', '2019-03-20', 'completed', 35.9800, 'fix sunroof; ', 'Rundofase', ''),
(168, '2019-03-18', '2019-03-22', 'pending', 132.8600, 'fix deceleration system; adjust seat belts tension; ', 'Toughzap', ''),
(169, '2019-03-18', '2019-03-19', 'completed', 57.8500, 'adjust traction control system; ', 'Zencorporation', '11V330000'),
(170, '2019-03-19', '2019-03-19', 'completed', 62.0500, 'change coolant; fix ventilated seats; ', 'Zoomit', ''),
(171, '2019-03-20', '2019-03-28', 'in progress', 167.9100, 'attach spoiler; improve cylinder configuration; ', 'Cancity', ''),
(172, '2019-03-20', '2019-03-29', 'in progress', 70.0100, 'replace water pump; add heated windshield; ', 'Newex', ''),
(173, '2019-03-20', '2019-03-23', 'completed', 115.6900, 'correct abs; replace catalytic converter; ', 'Toughzap', '09V357000'),
(174, '2019-03-21', '2019-03-25', 'completed', 33.3700, 'install separate rear audio; install roof spoiler; ', 'Fasehatice', ''),
(175, '2019-03-21', '2019-04-22', 'in progress', 50.6300, 'adjust accelerator pedal linkage; add knee airbags; ', 'Fasehatice', ''),
(176, '2019-03-21', '2019-03-21', 'pending', 14.7200, 'install active pedestrian protection system; reduce blind spot; ', 'Newex', ''),
(177, '2019-03-21', '2019-03-22', 'completed', 62.0500, 'adjust reverse tilt mirrors; improve engine performance; ', 'Toughzap', ''),
(178, '2019-03-21', '2019-03-27', 'in progress', 96.6000, 'fix solar sunroof; reconfigure service reminder light; ', 'Zoomit', '19V149000'),
(179, '2019-03-21', '2019-04-30', 'pending', 1494.8300, 'set up gyro sensor; install active pedestrian protection system; ', 'Zumgoity', ''),
(180, '2019-03-21', '2019-03-22', 'pending', 77.2100, 'replace radiator core & ac condenser; add knee airbags; ', 'Zumgoity', ''),
(181, '2019-03-22', '2019-03-23', 'completed', 38.0400, 'replace ace filter; ', 'Cancity', '13V114000'),
(182, '2019-03-22', '2019-03-23', 'pending', 14.5600, 'repair shiftable automatic transmission; install vanity mirrors; ', 'Fasehatice', '14E012000'),
(183, '2019-03-22', '2019-03-24', 'pending', 107.3600, 'fix a-pillar; ', 'Toughzap', ''),
(184, '2019-03-22', '2019-04-26', 'in progress', 612.6500, 'change wheel cylinders; fix ventilated seats; ', 'Zencorporation', ''),
(185, '2019-03-24', '2019-03-25', 'pending', 124.0900, 'adjust block heater; install active pedestrian protection system; ', 'Cancity', ''),
(186, '2019-03-24', '2019-03-27', 'pending', 43.6800, 'fix deceleration system; install intelligent alternator; ', 'Cancity', '09E025000'),
(187, '2019-03-24', '2019-04-10', 'in progress', 178.7700, 'add knee airbags; adjust climate control; ', 'Rundofase', ''),
(188, '2019-03-24', '2019-04-04', 'in progress', 316.8700, 'install active pedestrian protection system; fix nvh dampening system; ', 'Zumgoity', ''),
(189, '2019-03-24', '2019-03-27', 'completed', 115.6900, 'repair direct injection system; change brake linings; ', 'Zumgoity', ''),
(190, '2019-03-25', '2019-04-15', 'in progress', 735.0200, 'replace tail lights; ', 'Zoomit', ''),
(191, '2019-03-26', '2019-04-13', 'completed', 753.7100, 'replace ace filter; install roof spoiler; ', 'Cancity', ''),
(192, '2019-03-26', '2019-03-28', 'in progress', 46.8600, 'install parking sensors; fix nvh dampening system; ', 'Fasehatice', ''),
(193, '2019-03-26', '2019-03-30', 'pending', 90.6800, 'change memory settings of the onboard computer; fix sunroof; ', 'Fasehatice', ''),
(194, '2019-03-26', '2019-04-19', 'pending', 67.5000, 'add knee airbags; set up satellite radio; ', 'Newex', ''),
(195, '2019-03-26', '2019-04-22', 'completed', 988.4500, 'change memory settings of the onboard computer; replace diverter valve; ', 'Rundofase', ''),
(196, '2019-03-26', '2019-03-30', 'pending', 56.5800, 'adjust accelerator pedal linkage; fix ventilated seats; ', 'Rundofase', '08V214000'),
(197, '2019-03-26', '2019-03-27', 'in progress', 70.1600, 'replace brake pedal spring; repair shiftable automatic transmission; ', 'Zoomit', ''),
(198, '2019-03-27', '2019-04-10', 'completed', 54.0600, 'attach exterior camera; replace radiator hoses; ', 'Cancity', ''),
(199, '2019-03-27', '2019-03-28', 'completed', 15.2800, 'reduce fuel consumption; replace radiator hoses; ', 'Fasehatice', ''),
(200, '2019-03-27', '2019-03-27', 'in progress', 44.2900, 'adjust climate control; fix external temperature display; ', 'Rundofase', ''),
(201, '2019-03-28', '2019-03-30', 'in progress', 124.0900, 'set up satellite radio; ', 'Fasehatice', ''),
(202, '2019-03-28', '2019-03-31', 'completed', 105.2500, 'fix ventilated seats; change memory settings of the onboard computer; ', 'Zoomit', ''),
(203, '2019-03-28', '2019-03-31', 'completed', 27.8900, 'adjust accelerator pedal linkage; repair cooled seats; ', 'Zumgoity', ''),
(204, '2019-03-29', '2019-03-31', 'completed', 36.4200, 'fix steering damper; change wheel cylinders; ', 'Cancity', ''),
(205, '2019-03-29', '2019-03-29', 'pending', 38.6100, 'replace crankcase ventilation filter; replace liftgate window; ', 'Fasehatice', ''),
(206, '2019-03-29', '2019-03-30', 'pending', 29.1200, 'replace crankcase ventilation filter; improve engine performance; ', 'Zencorporation', ''),
(207, '2019-03-30', '2019-04-01', 'completed', 107.3600, 'install turbocharger; ', 'Fasehatice', ''),
(208, '2019-03-30', '2019-03-31', 'in progress', 28.9200, 'fix sunroof; replace radiator hoses; ', 'Zencorporation', '15V586000'),
(209, '2019-03-30', '2019-03-31', 'pending', 23.4300, 'install anti-theft alarm; install parking sensors; ', 'Zumgoity', '10V553000'),
(210, '2019-03-31', '2019-04-01', 'in progress', 124.0900, 'replace fuel filter; fix nvh dampening system; ', 'Zencorporation', ''),
(211, '2019-03-31', '2019-04-07', 'pending', 115.8200, 'install separate rear audio; fix a-pillar; ', 'Zencorporation', ''),
(212, '2019-04-01', '2019-04-04', 'in progress', 28.9200, 'refurbish power steering; change coolant; ', 'Cancity', ''),
(213, '2019-04-01', '2019-04-07', 'in progress', 127.2300, 'adjust climate control; ', 'Newex', ''),
(214, '2019-04-01', '2019-04-04', 'in progress', 30.3800, 'adjust seat belts tension; refurbish power steering; ', 'Toughzap', ''),
(215, '2019-04-02', '2019-04-09', 'in progress', 214.7100, 'fix air filter restriction indicator; fix cylinder head bolts; ', 'Newex', ''),
(216, '2019-04-02', '2019-04-06', 'pending', 61.3900, 'replace fuel filter; repair seatbelt force limiters; ', 'Zencorporation', ''),
(217, '2019-04-02', '2019-05-02', 'pending', 325.5900, 'adjust adaptive cruise control; reduce blind spot; ', 'Zoomit', '17V448000'),
(219, '2019-04-03', '2019-04-04', 'pending', 62.0500, 'fix ventilated seats; set up gyro sensor; ', 'Toughzap', '18V248000'),
(220, '2019-04-03', '2019-04-13', 'in progress', 778.5800, 'replace fuel filter; fix deceleration system; ', 'Zencorporation', '16V358000'),
(221, '2019-04-03', '2019-04-08', 'in progress', 70.2900, 'fix power activated release; install separate rear audio; ', 'Zoomit', ''),
(222, '2019-04-04', '2019-04-08', 'completed', 56.3800, 'repair shiftable automatic transmission; fix a-pillar; ', 'Cancity', ''),
(223, '2019-04-04', '2019-04-14', 'in progress', 132.4500, 'install anti-theft alarm; replace steering column lock; ', 'Newex', ''),
(224, '2019-04-04', '2019-04-06', 'completed', 15.2800, 'change suspension fluid; adjust adaptive cruise control; ', 'Zumgoity', ''),
(225, '2019-04-05', '2019-04-15', 'completed', 133.4800, 'prevent fuel pump shutoff; change purge valve; ', 'Rundofase', ''),
(226, '2019-04-05', '2019-04-06', 'completed', 75.7800, 'fix nvh dampening system; add knee airbags; ', 'Toughzap', ''),
(227, '2019-04-05', '2019-04-16', 'pending', 46.6700, 'adjust retractable mirrors; repair direct injection system; ', 'Zumgoity', '09E025000'),
(228, '2019-04-06', '2019-04-09', 'completed', 60.7700, 'replace fuel filter; repair direct injection system; ', 'Newex', '00V099000'),
(229, '2019-04-06', '2019-04-06', 'in progress', 46.1400, 'install intelligent alternator; adjust hybrid performance; ', 'Zoomit', ''),
(230, '2019-04-06', '2019-04-06', 'pending', 27.8900, 'install vanity mirrors; fix external temperature display; ', 'Zumgoity', ''),
(231, '2019-04-07', '2019-04-07', 'pending', 22.6700, 'configure universal remote control; attach seat extension; ', 'Newex', ''),
(232, '2019-04-07', '2019-04-09', 'in progress', 138.4100, 'attach seat extension; attach spoiler; ', 'Zencorporation', ''),
(233, '2019-04-08', '2019-04-22', 'in progress', 96.6000, 'install smoked glass; ', 'Cancity', ''),
(234, '2019-04-08', '2019-04-11', 'completed', 35.0800, 'attach seat extension; remove oversteer; ', 'Fasehatice', ''),
(235, '2019-04-08', '2019-04-18', 'completed', 551.5100, 'set up auto-delay headlights; ', 'Zencorporation', '07E021000'),
(236, '2019-04-08', '2019-04-15', 'pending', 76.0800, 'fix sunroof; adjust accelerator pedal linkage; ', 'Zencorporation', ''),
(237, '2019-04-09', '2019-04-19', 'pending', 75.4300, 'adjust regenerative braking; adjust retractable mirrors; ', 'Zumgoity', ''),
(238, '2019-04-09', '2019-04-11', 'completed', 142.3700, 'install active pedestrian protection system; ', 'Zumgoity', ''),
(239, '2019-04-10', '2019-04-11', 'pending', 88.5800, 'reduce carbon footprint; reduce fuel consumption; ', 'Toughzap', ''),
(240, '2019-04-11', '2019-06-21', 'pending', 2677.0000, 'replace brake pedal spring; ', 'Zoomit', ''),
(241, '2019-04-12', '2019-09-21', 'in progress', 824.8100, 'replace fuel filter; upgrade navigation system; ', 'Cancity', ''),
(242, '2019-04-12', '2019-04-17', 'in progress', 83.3900, 'fix ventilated seats; ', 'Newex', '13V314000'),
(243, '2019-04-12', '2019-04-18', 'in progress', 238.9500, 'fix external temperature display; change purge valve; ', 'Toughzap', ''),
(244, '2019-04-12', '2019-04-13', 'in progress', 37.7200, 'remove oversteer; attach seat extension; ', 'Zencorporation', ''),
(245, '2019-04-12', '2019-04-22', 'completed', 263.9800, 'adjust adaptive cruise control; ', 'Zencorporation', '05V303000'),
(246, '2019-04-12', '2019-04-14', 'completed', 89.3900, 'change air conditioner refrigerant; fix a-pillar; ', 'Zumgoity', '18V268000'),
(247, '2019-04-12', '2019-04-15', 'completed', 154.4200, 'repair shiftable automatic transmission; change purge valve; ', 'Zumgoity', '08V217000'),
(248, '2019-04-13', '2019-04-15', 'pending', 92.2700, 'replace timing belt tensioner; install roof spoiler; ', 'Cancity', ''),
(249, '2019-04-13', '2019-04-16', 'completed', 45.3400, 'prevent fuel pump shutoff; adjust block heater; ', 'Toughzap', ''),
(250, '2019-04-14', '2019-05-09', 'in progress', 667.3500, 'adjust block heater; ', 'Zoomit', '11V464000'),
(251, '2019-04-14', '2019-04-15', 'pending', 18.8600, 'install turbocharger; ', 'Zoomit', ''),
(252, '2019-04-15', '2019-04-16', 'pending', 30.3800, 'change suspension fluid; change timing belt; ', 'Cancity', ''),
(253, '2019-04-15', '2019-05-01', 'completed', 87.2500, 'set up auto-delay headlights; ', 'Rundofase', ''),
(254, '2019-04-15', '2019-04-18', 'in progress', 142.5400, 'fix solar sunroof; repair shiftable automatic transmission; ', 'Toughzap', '11V536000'),
(255, '2019-04-16', '2019-04-20', 'completed', 205.2800, 'install curtain airbags; reduce blind spot; ', 'Newex', '18V800000'),
(256, '2019-04-16', '2019-04-16', 'completed', 18.8600, 'adjust ignition timing; adjust traction control system; ', 'Rundofase', ''),
(257, '2019-04-16', '2019-04-16', 'completed', 15.2800, 'adjust climate control; upgrade navigation system; ', 'Toughzap', ''),
(258, '2019-04-16', '2019-04-16', 'pending', 47.4600, 'install intelligent alternator; fix rear defroster; ', 'Zencorporation', '19V188000'),
(259, '2019-04-16', '2019-05-11', 'in progress', 310.0100, 'adjust hybrid performance; ', 'Zencorporation', ''),
(260, '2019-04-17', '2019-04-20', 'in progress', 35.6000, 'adjust seat belts tension; ', 'Fasehatice', '06E043000'),
(261, '2019-04-17', '2019-04-27', 'completed', 65.1200, 'install separate rear audio; replace brake pedal spring; ', 'Toughzap', ''),
(262, '2019-04-17', '2019-04-18', 'completed', 25.7900, 'configure audio remote control; change steering rack; ', 'Zencorporation', ''),
(263, '2019-04-17', '2019-04-24', 'completed', 30.3800, 'install separate rear audio; replace catalytic converter; ', 'Zumgoity', ''),
(264, '2019-04-18', '2019-04-22', 'in progress', 94.9100, 'adjust hybrid performance; install dusk-sensing headlights; ', 'Fasehatice', ''),
(265, '2019-04-18', '2019-04-18', 'pending', 15.2800, 'fix power activated release; repair cooled seats; ', 'Rundofase', '19V052000'),
(266, '2019-04-18', '2019-04-24', 'pending', 133.4800, 'replace ace filter; install roof spoiler; ', 'Zencorporation', '05V222000'),
(267, '2019-04-19', '2019-04-24', 'completed', 54.4600, 'replace radiator hoses; change wheel cylinders; ', 'Newex', ''),
(268, '2019-04-19', '2019-05-03', 'pending', 563.7600, 'adjust retractable mirrors; attach exterior camera; ', 'Newex', ''),
(269, '2019-04-20', '2019-04-24', 'pending', 15.2800, 'fix external temperature display; replace tail lights; ', 'Cancity', ''),
(270, '2019-04-20', '2019-05-05', 'pending', 789.2700, 'refurbish power steering; fix rear hvac; ', 'Fasehatice', ''),
(271, '2019-04-20', '2019-04-21', 'pending', 45.6100, 'change speaker configuration; ', 'Rundofase', ''),
(272, '2019-04-20', '2019-04-21', 'pending', 14.7100, 'install turbocharger; ', 'Toughzap', '19V461000'),
(273, '2019-04-21', '2019-04-22', 'pending', 18.8600, 'replace water pump; repair cooled seats; ', 'Fasehatice', ''),
(274, '2019-04-21', '2019-04-26', 'completed', 137.5400, 'replace serpentine belt; replace steering column lock; ', 'Newex', ''),
(275, '2019-04-21', '2019-04-26', 'pending', 51.5800, 'change air conditioner refrigerant; replace catalytic converter; ', 'Rundofase', ''),
(276, '2019-04-21', '2019-04-24', 'completed', 56.5800, 'fix a-pillar; change coolant; ', 'Toughzap', ''),
(277, '2019-04-21', '2019-05-01', 'in progress', 145.6700, 'install optional equipment; fix sunroof; ', 'Zoomit', '04V046000'),
(278, '2019-04-21', '2019-04-26', 'in progress', 154.4200, 'repair shiftable automatic transmission; fix rear hvac; ', 'Zumgoity', ''),
(279, '2019-04-22', '2019-05-20', 'in progress', 625.9200, 'adjust hybrid performance; configure universal remote control; ', 'Fasehatice', ''),
(280, '2019-04-22', '2019-04-22', 'pending', 22.8100, 'fix ventilated seats; fix deceleration system; ', 'Fasehatice', ''),
(281, '2019-04-22', '2019-04-22', 'pending', 20.8500, 'fix power activated release; ', 'Newex', ''),
(282, '2019-04-22', '2019-05-03', 'completed', 407.7800, 'fix ventilated seats; change timing belt; ', 'Zoomit', ''),
(283, '2019-04-23', '2019-05-17', 'in progress', 381.6900, 'configure universal remote control; ', 'Cancity', ''),
(284, '2019-04-23', '2019-04-23', 'pending', 17.0100, 'attach spoiler; adjust ignition timing; ', 'Toughzap', '08V217000'),
(285, '2019-04-23', '2019-04-28', 'completed', 63.6200, 'fix cylinder head bolts; ', 'Zumgoity', ''),
(286, '2019-04-24', '2019-04-25', 'in progress', 22.8100, 'replace ace filter; change wheel cylinders; ', 'Zencorporation', '01V362000'),
(287, '2019-04-24', '2019-04-28', 'in progress', 18.8600, 'replace fuel filter; ', 'Zoomit', ''),
(288, '2019-04-24', '2019-04-24', 'pending', 11.2000, 'replace ace filter; replace diverter valve; ', 'Zoomit', ''),
(289, '2019-04-24', '2019-04-29', 'in progress', 235.7000, 'replace crankcase ventilation filter; replace radiator core & ac condenser; ', 'Zumgoity', '14V435000'),
(290, '2019-04-25', '2019-04-27', 'completed', 33.3700, 'install intelligent alternator; ', 'Fasehatice', ''),
(291, '2019-04-25', '2019-04-27', 'pending', 52.5700, 'reconfigure service reminder light; add knee airbags; ', 'Zencorporation', ''),
(292, '2019-04-25', '2019-05-19', 'pending', 103.0200, 'fix ventilated seats; repair cooled seats; ', 'Zoomit', ''),
(293, '2019-04-25', '2019-05-01', 'in progress', 15.2800, 'set up gyro sensor; fix deceleration system; ', 'Zoomit', ''),
(294, '2019-04-25', '2019-04-25', 'pending', 11.2000, 'replace radiator hoses; replace water pump; ', 'Zumgoity', '05V103000'),
(295, '2019-04-26', '2019-04-26', 'in progress', 22.8100, 'reconfigure service reminder light; fix deceleration system; ', 'Cancity', ''),
(296, '2019-04-26', '2019-04-26', 'completed', 32.5700, 'change speaker configuration; ', 'Cancity', ''),
(297, '2019-04-26', '2019-04-26', 'pending', 18.8600, 'add knee airbags; fix external temperature display; ', 'Fasehatice', ''),
(298, '2019-04-26', '2019-04-27', 'completed', 20.2500, 'install dusk-sensing headlights; install anti-theft alarm; ', 'Zencorporation', ''),
(299, '2019-04-26', '2019-04-27', 'in progress', 22.3900, 'change oil filter; replace crankcase ventilation filter; ', 'Zoomit', ''),
(300, '2019-04-27', '2019-04-29', 'pending', 56.5800, 'adjust traction control system; ', 'Cancity', ''),
(301, '2019-04-27', '2019-04-28', 'completed', 59.2000, 'repair seatbelt force limiters; adjust ignition timing; ', 'Rundofase', ''),
(302, '2019-04-27', '2019-04-29', 'completed', 68.4200, 'upgrade navigation system; install optional equipment; ', 'Rundofase', '02V111000'),
(303, '2019-04-27', '2019-04-29', 'pending', 61.3300, 'set up gyro sensor; adjust block heater; ', 'Rundofase', '00V198000'),
(304, '2019-04-27', '2019-04-27', 'completed', 32.5700, 'install dusk-sensing headlights; configure audio remote control; ', 'Zoomit', ''),
(305, '2019-04-27', '2019-04-28', 'completed', 115.7400, 'set up satellite radio; adjust climate control; ', 'Zumgoity', ''),
(306, '2019-04-28', '2019-04-28', 'in progress', 14.7100, 'reduce blind spot; change coolant; ', 'Cancity', '03V529000'),
(307, '2019-04-28', '2019-05-05', 'pending', 115.8200, 'adjust running boards; adjust reverse tilt mirrors; ', 'Cancity', ''),
(308, '2019-04-28', '2019-04-28', 'in progress', 32.5700, 'replace tail lights; set up auto-delay headlights; ', 'Fasehatice', '10V309000'),
(309, '2019-04-28', '2019-04-29', 'completed', 11.2000, 'repair direct injection system; remove oversteer; ', 'Fasehatice', ''),
(310, '2019-04-28', '2019-05-03', 'completed', 41.9800, 'replace water pump; repair seatbelt force limiters; ', 'Zumgoity', ''),
(311, '2019-04-29', '2019-05-01', 'pending', 54.4600, 'install turbocharger; add heated windshield; ', 'Cancity', ''),
(312, '2019-04-29', '2019-05-03', 'in progress', 32.5600, 'refurbish power steering; configure audio remote control; ', 'Fasehatice', ''),
(313, '2019-04-29', '2019-04-30', 'in progress', 37.7200, 'install separate rear audio; fix broken tow hooks; ', 'Newex', ''),
(314, '2019-04-29', '2019-04-29', 'in progress', 13.0600, 'install curtain airbags; fix broken tow hooks; ', 'Newex', ''),
(315, '2019-04-29', '2019-05-03', 'completed', 62.5400, 'change purge valve; install roof spoiler; ', 'Rundofase', '12V477000'),
(316, '2019-04-29', '2019-05-01', 'completed', 45.2700, 'fix broken tow hooks; adjust running boards; ', 'Rundofase', '15V871000'),
(317, '2019-04-29', '2019-04-29', 'in progress', 26.2800, 'adjust seat belts tension; adjust block heater; ', 'Zencorporation', ''),
(318, '2019-04-29', '2019-05-01', 'completed', 33.1100, 'install parking sensors; adjust traction control system; ', 'Zoomit', ''),
(319, '2019-04-29', '2019-04-30', 'pending', 32.5700, 'install roof spoiler; change pcv filter/pcv valve; ', 'Zoomit', ''),
(320, '2019-04-30', '2019-05-01', 'pending', 45.6100, 'adjust retractable mirrors; ', 'Toughzap', ''),
(321, '2019-04-30', '2019-05-01', 'pending', 41.3200, 'attach seat extension; install dusk-sensing headlights; ', 'Zoomit', ''),
(322, '2019-04-30', '2019-05-01', 'in progress', 26.2800, 'repair shiftable automatic transmission; change wheel cylinders; ', 'Zumgoity', '05V574000'),
(323, '2019-04-30', '2019-04-30', 'completed', 13.0600, 'replace steering column lock; reduce blind spot; ', 'Zumgoity', ''),
(324, '2019-05-01', '2019-05-05', 'in progress', 93.3500, 'install roof spoiler; install smoked glass; ', 'Fasehatice', ''),
(325, '2019-05-01', '2019-05-02', 'completed', 18.8600, 'change speaker configuration; fix solar sunroof; ', 'Rundofase', ''),
(326, '2019-05-01', '2019-05-16', 'completed', 342.1400, 'change brake linings; replace brake pedal spring; ', 'Toughzap', ''),
(327, '2019-05-01', '2019-05-23', 'pending', 282.6400, 'set up satellite radio; install curtain airbags; ', 'Zencorporation', ''),
(328, '2019-05-02', '2019-05-02', 'in progress', 26.2800, 'adjust low fuel warning indicator; replace ace filter; ', 'Zencorporation', ''),
(329, '2019-05-02', '2019-05-20', 'pending', 301.7100, 'configure universal remote control; replace catalytic converter; ', 'Zoomit', ''),
(330, '2019-05-02', '2019-05-03', 'pending', 18.1500, 'reduce blind spot; replace radiator hoses; ', 'Zumgoity', ''),
(331, '2019-05-02', '2019-05-13', 'pending', 245.3300, 'repair seatbelt force limiters; replace crankcase ventilation filter; ', 'Zumgoity', ''),
(332, '2019-05-03', '2019-05-04', 'pending', 20.6600, 'add heated windshield; adjust retractable mirrors; ', 'Cancity', '15V846000'),
(333, '2019-05-03', '2019-05-04', 'completed', 10.1300, 'replace tail lights; ', 'Rundofase', ''),
(334, '2019-05-03', '2019-05-07', 'pending', 30.5500, 'install anti-theft alarm; reduce carbon footprint; ', 'Zencorporation', ''),
(335, '2019-05-03', '2019-05-09', 'in progress', 51.0300, 'replace radiator core & ac condenser; ', 'Zencorporation', ''),
(336, '2019-05-04', '2019-05-05', 'completed', 41.7000, 'change oil filter; fix cylinder head bolts; ', 'Cancity', ''),
(337, '2019-05-04', '2019-05-04', 'in progress', 33.2800, 'replace diverter valve; configure universal remote control; ', 'Newex', ''),
(338, '2019-05-04', '2019-05-12', 'in progress', 264.8400, 'change air conditioner refrigerant; ', 'Rundofase', '18V170000'),
(339, '2019-05-04', '2019-06-27', 'in progress', 472.5200, 'change purge valve; install anti-theft alarm; ', 'Zumgoity', ''),
(340, '2019-05-05', '2019-05-08', 'in progress', 26.1500, 'replace liftgate window; install separate rear audio; ', 'Cancity', ''),
(341, '2019-05-05', '2019-05-09', 'in progress', 33.2800, 'attach seat extension; install smoked glass; ', 'Fasehatice', ''),
(342, '2019-05-05', '2019-05-10', 'in progress', 55.3400, 'replace catalytic converter; ', 'Newex', ''),
(343, '2019-05-05', '2019-05-16', 'pending', 254.9200, 'fix rear defroster; install roof spoiler; ', 'Rundofase', ''),
(344, '2019-05-05', '2019-05-07', 'pending', 19.0200, 'replace timing belt tensioner; adjust turn signals; ', 'Zoomit', ''),
(345, '2019-05-06', '2019-05-06', 'in progress', 18.1500, 'replace liftgate window; replace steering column lock; ', 'Fasehatice', ''),
(346, '2019-05-06', '2019-05-24', 'in progress', 117.8500, 'adjust seat belts tension; ', 'Fasehatice', '10V426000'),
(347, '2019-05-06', '2019-05-22', 'in progress', 448.4600, 'adjust hybrid performance; fix solar sunroof; ', 'Fasehatice', '03E045000'),
(348, '2019-05-06', '2019-05-06', 'in progress', 20.6600, 'correct abs; install separate rear audio; ', 'Newex', '14V753000'),
(349, '2019-05-06', '2019-05-16', 'in progress', 136.0200, 'adjust accelerator pedal linkage; change memory settings of the onboard computer; ', 'Newex', ''),
(350, '2019-05-06', '2019-05-09', 'completed', 48.8400, 'change wheel cylinders; set up auto-delay headlights; ', 'Newex', ''),
(351, '2019-05-06', '2019-05-10', 'in progress', 41.7000, 'adjust low fuel warning indicator; install curtain airbags; ', 'Rundofase', '11V510000'),
(352, '2019-05-06', '2019-05-14', 'completed', 91.1500, 'add knee airbags; adjust block heater; ', 'Rundofase', ''),
(353, '2019-05-06', '2019-05-12', 'in progress', 14.9700, 'set up auto-delay headlights; upgrade navigation system; ', 'Rundofase', ''),
(354, '2019-05-06', '2019-05-07', 'completed', 20.6600, 'fix nvh dampening system; adjust seat belts tension; ', 'Rundofase', ''),
(355, '2019-05-06', '2019-05-14', 'pending', 273.0900, 'prevent fuel pump shutoff; ', 'Zencorporation', '12V305000'),
(356, '2019-05-06', '2019-05-09', 'in progress', 216.8800, 'correct abs; install smoked glass; ', 'Zoomit', ''),
(357, '2019-05-07', '2019-05-26', 'in progress', 211.4400, 'replace radiator hoses; ', 'Cancity', ''),
(358, '2019-05-07', '2019-05-07', 'completed', 43.2400, 'add heated windshield; configure audio remote control; ', 'Newex', ''),
(359, '2019-05-08', '2019-05-28', 'in progress', 483.0000, 'change wheel cylinders; configure universal remote control; ', 'Cancity', ''),
(360, '2019-05-08', '2019-07-03', 'in progress', 723.9100, 'reduce blind spot; install intelligent alternator; ', 'Fasehatice', '14V404000'),
(361, '2019-05-08', '2019-05-25', 'completed', 679.0200, 'repair cooled seats; attach spoiler; ', 'Newex', ''),
(362, '2019-05-08', '2019-05-21', 'in progress', 312.8400, 'change coolant; fix rear hvac; ', 'Newex', '08V156000'),
(363, '2019-05-08', '2019-05-09', 'pending', 41.3200, 'replace diverter valve; set up auto-delay headlights; ', 'Toughzap', ''),
(364, '2019-05-08', '2019-05-09', 'in progress', 47.2600, 'reconfigure service reminder light; ', 'Zoomit', ''),
(365, '2019-05-08', '2019-05-13', 'completed', 57.0400, 'install smoked glass; improve engine performance; ', 'Zumgoity', ''),
(366, '2019-05-09', '2019-05-15', 'in progress', 76.0800, 'install parking sensors; fix broken tow hooks; ', 'Zencorporation', ''),
(367, '2019-05-09', '2019-05-17', 'in progress', 281.8800, 'adjust turn signals; install curtain airbags; ', 'Zoomit', ''),
(368, '2019-05-10', '2019-05-14', 'completed', 46.6700, 'install anti-theft alarm; improve engine performance; ', 'Fasehatice', '19V008000'),
(369, '2019-05-10', '2019-05-16', 'completed', 271.1000, 'adjust traction control system; adjust retractable mirrors; ', 'Toughzap', '17V328000'),
(370, '2019-05-10', '2019-05-10', 'completed', 43.2400, 'fix steering damper; check drive axle boots; ', 'Zencorporation', ''),
(371, '2019-05-11', '2019-05-11', 'pending', 26.2800, 'change purge valve; set up gyro sensor; ', 'Toughzap', ''),
(372, '2019-05-11', '2019-05-23', 'in progress', 579.1300, 'replace water pump; configure universal remote control; ', 'Toughzap', ''),
(373, '2019-05-11', '2019-05-13', 'completed', 18.1500, 'add knee airbags; fix rear hvac; ', 'Zencorporation', ''),
(374, '2019-05-11', '2019-05-13', 'pending', 34.0400, 'add knee airbags; reduce blind spot; ', 'Zencorporation', ''),
(375, '2019-05-11', '2019-05-13', 'in progress', 86.4700, 'fix deceleration system; reduce fuel consumption; ', 'Zumgoity', ''),
(376, '2019-05-12', '2019-05-16', 'completed', 43.8100, 'replace liftgate window; attach spoiler; ', 'Fasehatice', ''),
(377, '2019-05-12', '2019-05-16', 'in progress', 61.9800, 'change oil filter; reduce carbon footprint; ', 'Fasehatice', '15V846000'),
(378, '2019-05-12', '2019-06-12', 'pending', 590.7300, 'install smoked glass; fix external temperature display; ', 'Newex', ''),
(379, '2019-05-12', '2019-05-14', 'completed', 33.2800, 'adjust reverse tilt mirrors; adjust turn signals; ', 'Newex', ''),
(380, '2019-05-12', '2019-05-28', 'completed', 389.5600, 'reduce carbon footprint; adjust adaptive cruise control; ', 'Toughzap', ''),
(381, '2019-05-12', '2019-05-21', 'in progress', 177.1500, 'replace serpentine belt; fix a-pillar; ', 'Toughzap', ''),
(382, '2019-05-12', '2019-06-03', 'pending', 798.3600, 'repair direct injection system; configure audio remote control; ', 'Zoomit', ''),
(383, '2019-05-12', '2019-06-03', 'pending', 452.6800, 'replace liftgate window; fix ventilated seats; ', 'Zoomit', '16V580000'),
(384, '2019-05-12', '2019-05-30', 'pending', 536.9400, 'set up auto-delay headlights; adjust seat belts tension; ', 'Zumgoity', ''),
(385, '2019-05-12', '2019-05-16', 'completed', 231.4800, 'adjust turn signals; install separate rear audio; ', 'Zumgoity', ''),
(386, '2019-05-12', '2019-05-14', 'pending', 35.0100, 'adjust adaptive cruise control; install parking sensors; ', 'Zumgoity', ''),
(387, '2019-05-13', '2019-05-15', 'completed', 99.3200, 'replace stabilizer bar; ', 'Toughzap', ''),
(388, '2019-05-13', '2019-05-29', 'in progress', 628.6800, 'fix a-pillar; change speaker configuration; ', 'Zoomit', ''),
(389, '2019-05-14', '2019-05-17', 'in progress', 444.9000, 'adjust turn signals; change coolant; ', 'Toughzap', ''),
(390, '2019-05-14', '2019-05-19', 'in progress', 18.1500, 'fix sunroof; check drive axle boots; ', 'Toughzap', ''),
(391, '2019-05-14', '2019-07-17', 'pending', 3434.6299, 'configure universal remote control; upgrade navigation system; ', 'Toughzap', ''),
(392, '2019-05-14', '2019-05-19', 'in progress', 22.8200, 'repair seatbelt force limiters; ', 'Toughzap', '16V183000'),
(393, '2019-05-14', '2019-05-22', 'in progress', 123.9500, 'install turbocharger; reconfigure service reminder light; ', 'Toughzap', ''),
(394, '2019-05-15', '2019-06-19', 'in progress', 596.3900, 'correct abs; fix steering damper; ', 'Rundofase', ''),
(395, '2019-05-15', '2019-05-23', 'in progress', 110.6800, 'install vanity mirrors; refurbish power steering; ', 'Toughzap', ''),
(396, '2019-05-16', '2019-05-16', 'in progress', 13.0700, 'fix rear hvac; fix deceleration system; ', 'Zoomit', '14V010000'),
(397, '2019-05-17', '2019-06-07', 'completed', 755.6000, 'install intelligent alternator; replace water pump; ', 'Fasehatice', ''),
(398, '2019-05-17', '2019-05-17', 'completed', 13.0700, 'fix steering damper; improve engine performance; ', 'Newex', '17V389000'),
(399, '2019-05-17', '2019-05-22', 'in progress', 61.1400, 'prevent fuel pump shutoff; configure universal remote control; ', 'Rundofase', '');
INSERT INTO `Repairs` (`repairID`, `start_date`, `end_date`, `repair_status`, `total_cost`, `repair_description`, `vendor_name`, `NHTSA_recall_number`) VALUES
(400, '2019-05-17', '2019-05-24', 'completed', 87.6300, 'adjust adaptive cruise control; adjust turn signals; ', 'Rundofase', ''),
(401, '2019-05-17', '2019-07-28', 'in progress', 1047.0300, 'install roof spoiler; adjust accelerator pedal linkage; ', 'Zoomit', ''),
(402, '2019-05-17', '2019-05-22', 'pending', 116.6800, 'fix sunroof; install on-board diagnosis system; ', 'Zoomit', ''),
(403, '2019-05-17', '2019-05-19', 'in progress', 20.6600, 'change speaker configuration; change steering rack; ', 'Zoomit', '15V846000'),
(404, '2019-05-17', '2019-05-17', 'in progress', 17.8700, 'fix nvh dampening system; install vanity mirrors; ', 'Zumgoity', '05V555000'),
(405, '2019-05-18', '2019-05-19', 'completed', 17.8700, 'adjust hybrid performance; correct abs; ', 'Cancity', ''),
(406, '2019-05-18', '2019-06-15', 'completed', 390.7000, 'change brake linings; adjust adaptive cruise control; ', 'Newex', '11V106000'),
(407, '2019-05-18', '2019-05-20', 'pending', 173.6100, 'fix rear defroster; fix rear defroster; ', 'Rundofase', ''),
(408, '2019-05-18', '2019-05-18', 'pending', 13.0700, 'make polarization coating; install anti-theft alarm; ', 'Rundofase', ''),
(409, '2019-05-18', '2019-05-21', 'completed', 66.5600, 'install smoked glass; replace fuel filter; ', 'Zoomit', '08V108000'),
(410, '2019-05-18', '2019-05-20', 'pending', 33.3500, 'configure audio remote control; change coolant; ', 'Zumgoity', ''),
(411, '2019-05-19', '2019-05-20', 'in progress', 222.4500, 'make polarization coating; adjust block heater; ', 'Fasehatice', '16V576000'),
(412, '2019-05-19', '2019-05-19', 'pending', 16.8600, 'change speaker configuration; replace steering column lock; ', 'Fasehatice', ''),
(413, '2019-05-19', '2019-06-22', 'completed', 1006.4500, 'install vanity mirrors; install anti-theft alarm; ', 'Newex', ''),
(414, '2019-05-19', '2019-05-22', 'in progress', 216.8800, 'fix nvh dampening system; fix air filter restriction indicator; ', 'Rundofase', ''),
(415, '2019-05-19', '2019-05-28', 'pending', 130.3000, 'attach exterior camera; adjust running boards; ', 'Zencorporation', '14V758000'),
(416, '2019-05-19', '2019-05-19', 'pending', 15.2800, 'replace radiator core & ac condenser; add heated windshield; ', 'Zoomit', ''),
(417, '2019-05-19', '2019-05-21', 'completed', 18.4500, 'install on-board diagnosis system; ', 'Zoomit', ''),
(418, '2019-05-19', '2019-06-10', 'completed', 694.2600, 'reduce fuel consumption; fix solar sunroof; ', 'Zumgoity', ''),
(419, '2019-05-19', '2019-05-19', 'pending', 13.0700, 'replace crankcase ventilation filter; fix deceleration system; ', 'Zumgoity', ''),
(420, '2019-05-20', '2019-05-21', 'pending', 15.2800, 'change wheel cylinders; reduce blind spot; ', 'Fasehatice', ''),
(421, '2019-05-20', '2019-05-21', 'completed', 33.7100, 'set up auto-delay headlights; add heated windshield; ', 'Fasehatice', ''),
(422, '2019-05-20', '2019-05-24', 'in progress', 34.1400, 'replace serpentine belt; replace water pump; ', 'Newex', '07E023000'),
(423, '2019-05-20', '2019-05-22', 'completed', 20.2500, 'install turbocharger; install anti-theft alarm; ', 'Newex', '03V476000'),
(424, '2019-05-20', '2019-05-30', 'in progress', 68.0800, 'fix sunroof; install on-board diagnosis system; ', 'Toughzap', ''),
(425, '2019-05-21', '2019-05-25', 'completed', 101.9400, 'attach spoiler; replace timing belt tensioner; ', 'Cancity', '11V221000'),
(426, '2019-05-21', '2019-05-22', 'pending', 33.1100, 'repair direct injection system; replace ace filter; ', 'Newex', ''),
(427, '2019-05-21', '2019-05-27', 'in progress', 125.1200, 'set up auto-delay headlights; replace serpentine belt; ', 'Zumgoity', '16V029000'),
(428, '2019-05-22', '2019-05-22', 'in progress', 16.8600, 'change oil filter; adjust hybrid performance; ', 'Fasehatice', ''),
(429, '2019-05-22', '2019-05-22', 'completed', 15.2800, 'install on-board diagnosis system; ', 'Newex', ''),
(430, '2019-05-22', '2019-05-22', 'completed', 11.1200, 'repair shiftable automatic transmission; change memory settings of the onboard computer; ', 'Newex', ''),
(431, '2019-05-22', '2019-05-25', 'completed', 20.6600, 'adjust regenerative braking; ', 'Newex', ''),
(432, '2019-05-22', '2019-05-22', 'in progress', 37.8900, 'improve cylinder configuration; replace water pump; ', 'Toughzap', ''),
(433, '2019-05-22', '2019-05-24', 'completed', 57.0600, 'attach exterior camera; ', 'Zencorporation', '18V907000'),
(434, '2019-05-22', '2019-06-01', 'pending', 430.3100, 'fix steering damper; replace crankcase ventilation filter; ', 'Zumgoity', ''),
(435, '2019-05-23', '2019-06-02', 'pending', 313.1800, 'adjust block heater; attach seat extension; ', 'Cancity', ''),
(436, '2019-05-23', '2019-06-26', 'completed', 344.2200, 'replace crankcase ventilation filter; install turbocharger; ', 'Rundofase', ''),
(437, '2019-05-23', '2019-05-23', 'completed', 16.1200, 'attach seat extension; adjust hybrid performance; ', 'Toughzap', ''),
(438, '2019-05-23', '2019-05-27', 'in progress', 57.0400, 'attach spoiler; adjust regenerative braking; ', 'Toughzap', ''),
(439, '2019-05-23', '2019-06-05', 'completed', 103.3000, 'repair seatbelt force limiters; adjust running boards; ', 'Zumgoity', ''),
(440, '2019-05-24', '2019-06-09', 'pending', 250.1900, 'replace stabilizer bar; install parking sensors; ', 'Toughzap', ''),
(441, '2019-05-24', '2019-05-24', 'in progress', 56.3800, 'fix cylinder head bolts; replace tail lights; ', 'Toughzap', ''),
(442, '2019-05-24', '2019-05-24', 'in progress', 18.1500, 'replace ace filter; adjust block heater; ', 'Zoomit', '16V137000'),
(443, '2019-05-24', '2019-05-25', 'completed', 20.2500, 'change memory settings of the onboard computer; fix solar sunroof; ', 'Zoomit', '11V592000'),
(444, '2019-05-25', '2019-06-12', 'pending', 507.3900, 'replace brake pedal spring; change coolant; ', 'Cancity', '00V157002'),
(445, '2019-05-25', '2019-06-09', 'in progress', 279.3100, 'adjust regenerative braking; remove oversteer; ', 'Fasehatice', ''),
(446, '2019-05-25', '2019-06-13', 'pending', 117.8500, 'repair shiftable automatic transmission; change brake linings; ', 'Zencorporation', ''),
(447, '2019-05-25', '2019-06-14', 'pending', 762.4000, 'change steering rack; replace steering column lock; ', 'Zoomit', '18E016000'),
(448, '2019-05-25', '2019-05-26', 'completed', 61.5100, 'change suspension fluid; reduce blind spot; ', 'Zoomit', '19V148000'),
(449, '2019-05-25', '2019-05-30', 'completed', 110.7200, 'fix nvh dampening system; ', 'Zumgoity', ''),
(450, '2019-05-26', '2019-05-30', 'pending', 58.4200, 'install dusk-sensing headlights; configure universal remote control; ', 'Cancity', ''),
(451, '2019-05-26', '2019-05-27', 'in progress', 59.7500, 'adjust traction control system; reduce blind spot; ', 'Fasehatice', '08V390000'),
(452, '2019-05-26', '2019-05-26', 'completed', 24.4300, 'adjust climate control; change air conditioner refrigerant; ', 'Fasehatice', ''),
(453, '2019-05-26', '2019-06-01', 'completed', 281.8800, 'replace ace filter; fix steering damper; ', 'Rundofase', ''),
(454, '2019-05-26', '2019-06-03', 'pending', 33.2800, 'adjust block heater; install vanity mirrors; ', 'Zencorporation', ''),
(455, '2019-05-26', '2019-05-29', 'completed', 54.4600, 'attach seat extension; improve cylinder configuration; ', 'Zoomit', ''),
(456, '2019-05-26', '2019-07-01', 'in progress', 92.0200, 'fix external temperature display; fix nvh dampening system; ', 'Zumgoity', '18V268000'),
(457, '2019-05-26', '2019-06-04', 'completed', 203.8500, 'replace water pump; replace fuel filter; ', 'Zumgoity', ''),
(458, '2019-05-27', '2019-06-22', 'in progress', 679.0200, 'repair shiftable automatic transmission; reduce fuel consumption; ', 'Cancity', ''),
(459, '2019-05-27', '2019-06-02', 'completed', 75.4300, 'reduce fuel consumption; ', 'Toughzap', ''),
(460, '2019-05-27', '2019-06-03', 'pending', 138.4100, 'add heated windshield; replace radiator core & ac condenser; ', 'Toughzap', ''),
(461, '2019-05-27', '2019-05-28', 'pending', 28.8500, 'fix air filter restriction indicator; install on-board diagnosis system; ', 'Zencorporation', ''),
(462, '2019-05-27', '2019-05-31', 'completed', 30.5700, 'change wheel cylinders; install parking sensors; ', 'Zencorporation', ''),
(463, '2019-05-27', '2019-05-28', 'pending', 66.2100, 'replace steering column lock; install curtain airbags; ', 'Zoomit', ''),
(464, '2019-05-27', '2019-06-17', 'completed', 667.9600, 'improve cylinder configuration; refurbish power steering; ', 'Zumgoity', '18V828000'),
(465, '2019-05-28', '2019-05-31', 'completed', 44.4700, 'fix ventilated seats; repair direct injection system; ', 'Fasehatice', ''),
(466, '2019-05-28', '2019-05-28', 'pending', 18.9700, 'make polarization coating; attach exterior camera; ', 'Newex', ''),
(467, '2019-05-28', '2019-06-04', 'in progress', 246.0400, 'prevent fuel pump shutoff; replace crankcase ventilation filter; ', 'Rundofase', ''),
(468, '2019-05-28', '2019-05-31', 'pending', 154.4200, 'install anti-theft alarm; replace steering column lock; ', 'Zumgoity', ''),
(469, '2019-05-29', '2019-05-31', 'in progress', 18.9700, 'change brake linings; change timing belt; ', 'Cancity', '14E007000'),
(470, '2019-05-29', '2019-06-01', 'completed', 53.6200, 'adjust seat belts tension; install parking sensors; ', 'Cancity', ''),
(471, '2019-05-29', '2019-06-03', 'in progress', 34.2200, 'attach exterior camera; replace diverter valve; ', 'Rundofase', ''),
(472, '2019-05-29', '2019-05-30', 'pending', 54.2200, 'fix solar sunroof; install intelligent alternator; ', 'Rundofase', ''),
(473, '2019-05-29', '2019-05-30', 'pending', 19.0200, 'adjust turn signals; install anti-theft alarm; ', 'Zoomit', ''),
(474, '2019-05-30', '2019-06-02', 'pending', 177.7400, 'replace crankcase ventilation filter; replace tail lights; ', 'Newex', ''),
(475, '2019-05-30', '2019-06-28', 'in progress', 766.5800, 'fix external temperature display; adjust reverse tilt mirrors; ', 'Newex', ''),
(476, '2019-05-31', '2019-06-12', 'in progress', 51.2600, 'replace radiator hoses; repair seatbelt force limiters; ', 'Cancity', '15V629000'),
(477, '2019-05-31', '2019-06-02', 'pending', 187.4400, 'upgrade navigation system; install parking sensors; ', 'Cancity', '09V091000'),
(478, '2019-05-31', '2019-06-03', 'pending', 134.0800, 'change steering rack; configure audio remote control; ', 'Cancity', '15V483000'),
(479, '2019-05-31', '2019-06-03', 'in progress', 57.7000, 'replace radiator hoses; change purge valve; ', 'Fasehatice', ''),
(480, '2019-05-31', '2019-06-20', 'completed', 94.2100, 'adjust turn signals; adjust accelerator pedal linkage; ', 'Fasehatice', ''),
(481, '2019-05-31', '2019-06-20', 'in progress', 74.1400, 'make polarization coating; change speaker configuration; ', 'Rundofase', ''),
(482, '2019-05-31', '2019-06-04', 'completed', 68.0800, 'change memory settings of the onboard computer; replace crankcase ventilation filter; ', 'Toughzap', ''),
(483, '2019-06-01', '2019-06-02', 'pending', 77.2100, 'install turbocharger; change purge valve; ', 'Fasehatice', ''),
(484, '2019-06-01', '2019-06-11', 'completed', 131.4400, 'reconfigure service reminder light; change brake linings; ', 'Fasehatice', ''),
(485, '2019-06-01', '2019-06-03', 'pending', 20.2500, 'repair direct injection system; ', 'Newex', '06V328000'),
(486, '2019-06-01', '2019-06-02', 'completed', 84.2700, 'replace timing belt tensioner; change oil filter; ', 'Toughzap', ''),
(487, '2019-06-01', '2019-06-01', 'in progress', 18.9700, 'add knee airbags; adjust running boards; ', 'Zencorporation', ''),
(488, '2019-06-01', '2019-06-08', 'pending', 64.9900, 'replace ace filter; ', 'Zumgoity', ''),
(489, '2019-06-02', '2019-06-04', 'pending', 53.6200, 'fix power activated release; replace crankcase ventilation filter; ', 'Cancity', '13V094000'),
(490, '2019-06-02', '2019-06-05', 'in progress', 184.1400, 'replace radiator core & ac condenser; change pcv filter/pcv valve; ', 'Newex', ''),
(491, '2019-06-02', '2019-06-06', 'pending', 169.1300, 'install separate rear audio; prevent fuel pump shutoff; ', 'Rundofase', ''),
(492, '2019-06-02', '2019-06-08', 'pending', 146.1800, 'adjust regenerative braking; ', 'Toughzap', ''),
(493, '2019-06-02', '2019-06-03', 'pending', 30.5700, 'replace stabilizer bar; replace brake pedal spring; ', 'Zoomit', ''),
(494, '2019-06-03', '2019-06-06', 'in progress', 73.3000, 'fix power activated release; install on-board diagnosis system; ', 'Cancity', ''),
(495, '2019-06-03', '2019-06-11', 'in progress', 178.9600, 'set up auto-delay headlights; adjust adaptive cruise control; ', 'Fasehatice', ''),
(496, '2019-06-03', '2019-06-19', 'pending', 128.9400, 'install intelligent alternator; adjust traction control system; ', 'Rundofase', '05V338000'),
(497, '2019-06-03', '2019-06-03', 'in progress', 84.2700, 'fix a-pillar; change air conditioner refrigerant; ', 'Zencorporation', ''),
(498, '2019-06-03', '2019-06-04', 'pending', 30.7100, 'replace water pump; repair cooled seats; ', 'Zumgoity', ''),
(499, '2019-06-03', '2019-07-15', 'pending', 523.0000, 'install intelligent alternator; change coolant; ', 'Zumgoity', ''),
(500, '2019-06-04', '2019-06-09', 'pending', 100.4500, 'fix external temperature display; ', 'Newex', '11E022000'),
(501, '2019-06-04', '2019-06-05', 'pending', 18.9700, 'replace timing belt tensioner; configure universal remote control; ', 'Rundofase', '19V188000'),
(502, '2019-06-04', '2019-06-04', 'in progress', 84.2700, 'install optional equipment; install intelligent alternator; ', 'Toughzap', ''),
(503, '2019-06-05', '2019-06-06', 'pending', 30.7100, 'change pcv filter/pcv valve; fix sunroof; ', 'Fasehatice', '18V432000'),
(504, '2019-06-05', '2019-06-07', 'in progress', 255.3100, 'change timing belt; install active pedestrian protection system; ', 'Fasehatice', ''),
(505, '2019-06-05', '2019-06-09', 'completed', 72.1200, 'reduce fuel consumption; ', 'Rundofase', ''),
(506, '2019-06-05', '2019-06-06', 'pending', 36.9100, 'install curtain airbags; change pcv filter/pcv valve; ', 'Rundofase', ''),
(507, '2019-06-05', '2019-06-08', 'pending', 61.1400, 'replace ace filter; fix broken tow hooks; ', 'Zencorporation', ''),
(508, '2019-06-06', '2019-06-07', 'pending', 11.1200, 'replace liftgate window; add heated windshield; ', 'Newex', ''),
(509, '2019-06-06', '2019-06-08', 'pending', 46.0300, 'attach exterior camera; repair seatbelt force limiters; ', 'Newex', '18V047000'),
(510, '2019-06-07', '2019-06-11', 'pending', 38.0200, 'install on-board diagnosis system; install curtain airbags; ', 'Cancity', ''),
(511, '2019-06-07', '2019-06-07', 'in progress', 84.2700, 'replace crankcase ventilation filter; install smoked glass; ', 'Cancity', ''),
(512, '2019-06-07', '2019-06-28', 'completed', 740.0400, 'fix broken tow hooks; attach spoiler; ', 'Cancity', ''),
(513, '2019-06-07', '2019-06-17', 'in progress', 441.2100, 'change purge valve; remove oversteer; ', 'Newex', ''),
(514, '2019-06-07', '2019-06-12', 'in progress', 30.7100, 'replace fuel filter; install smoked glass; ', 'Rundofase', ''),
(515, '2019-06-07', '2019-06-12', 'pending', 92.2700, 'replace radiator core & ac condenser; adjust block heater; ', 'Rundofase', ''),
(516, '2019-06-07', '2019-06-09', 'in progress', 16.2900, 'adjust reverse tilt mirrors; check drive axle boots; ', 'Toughzap', ''),
(517, '2019-06-07', '2019-06-09', 'pending', 99.8400, 'repair cooled seats; adjust turn signals; ', 'Zumgoity', ''),
(518, '2019-06-07', '2019-06-09', 'in progress', 48.8700, 'change purge valve; make polarization coating; ', 'Zumgoity', ''),
(519, '2019-06-08', '2019-06-16', 'in progress', 119.1500, 'replace diverter valve; attach exterior camera; ', 'Cancity', '16V302000'),
(520, '2019-06-08', '2019-06-08', 'in progress', 63.9300, 'replace serpentine belt; fix rear defroster; ', 'Cancity', '17V545000'),
(521, '2019-06-08', '2019-06-11', 'in progress', 73.8100, 'attach exterior camera; add knee airbags; ', 'Rundofase', ''),
(522, '2019-06-08', '2019-06-11', 'pending', 33.3500, 'fix nvh dampening system; ', 'Toughzap', ''),
(523, '2019-06-08', '2019-06-10', 'pending', 170.2000, 'install active pedestrian protection system; ', 'Toughzap', ''),
(524, '2019-06-08', '2019-06-08', 'in progress', 30.7600, 'fix deceleration system; fix external temperature display; ', 'Zumgoity', '06V316000'),
(525, '2019-06-09', '2019-06-10', 'completed', 11.4100, 'attach seat extension; upgrade navigation system; ', 'Cancity', '98V322000'),
(526, '2019-06-09', '2019-07-11', 'completed', 785.1300, 'adjust regenerative braking; replace steering column lock; ', 'Newex', ''),
(527, '2019-06-09', '2019-06-09', 'in progress', 63.9300, 'adjust low fuel warning indicator; adjust climate control; ', 'Toughzap', ''),
(528, '2019-06-09', '2019-06-10', 'completed', 56.3800, 'replace stabilizer bar; fix sunroof; ', 'Zencorporation', ''),
(529, '2019-06-09', '2019-06-09', 'pending', 38.6100, 'install smoked glass; adjust seat belts tension; ', 'Zoomit', ''),
(530, '2019-06-09', '2019-06-10', 'pending', 35.7500, 'change timing belt; configure universal remote control; ', 'Zoomit', ''),
(531, '2019-06-10', '2019-07-03', 'completed', 324.9700, 'fix deceleration system; adjust accelerator pedal linkage; ', 'Cancity', ''),
(532, '2019-06-10', '2019-06-19', 'completed', 70.3400, 'adjust running boards; attach exterior camera; ', 'Fasehatice', ''),
(533, '2019-06-10', '2019-06-10', 'completed', 63.9300, 'adjust ignition timing; set up satellite radio; ', 'Newex', ''),
(534, '2019-06-10', '2019-06-18', 'in progress', 123.0200, 'adjust ignition timing; replace steering column lock; ', 'Zoomit', ''),
(535, '2019-06-10', '2019-06-13', 'completed', 100.4500, 'improve cylinder configuration; upgrade navigation system; ', 'Zoomit', ''),
(536, '2019-06-10', '2019-06-14', 'in progress', 146.6600, 'replace tail lights; adjust turn signals; ', 'Zumgoity', ''),
(537, '2019-06-11', '2019-06-13', 'in progress', 115.8200, 'change air conditioner refrigerant; ', 'Cancity', ''),
(538, '2019-06-11', '2019-06-11', 'completed', 28.2600, 'install on-board diagnosis system; upgrade navigation system; ', 'Fasehatice', ''),
(539, '2019-06-11', '2019-06-12', 'pending', 35.7500, 'replace ace filter; ', 'Rundofase', ''),
(540, '2019-06-11', '2019-06-29', 'completed', 572.5400, 'fix rear defroster; improve cylinder configuration; ', 'Zoomit', ''),
(541, '2019-06-11', '2019-06-12', 'completed', 14.4200, 'configure audio remote control; change coolant; ', 'Zoomit', ''),
(542, '2019-06-11', '2019-06-11', 'completed', 114.8700, 'install optional equipment; install vanity mirrors; ', 'Zumgoity', ''),
(543, '2019-06-11', '2019-06-11', 'completed', 63.9300, 'adjust seat belts tension; set up auto-delay headlights; ', 'Zumgoity', ''),
(544, '2019-06-12', '2019-06-15', 'completed', 40.4300, 'replace radiator core & ac condenser; refurbish power steering; ', 'Newex', '19V148000'),
(545, '2019-06-12', '2019-06-13', 'in progress', 58.4700, 'replace fuel filter; replace steering column lock; ', 'Toughzap', ''),
(546, '2019-06-13', '2019-06-20', 'pending', 130.8200, 'replace tail lights; ', 'Cancity', ''),
(547, '2019-06-13', '2019-06-13', 'in progress', 52.0800, 'fix a-pillar; ', 'Newex', ''),
(548, '2019-06-13', '2019-06-14', 'in progress', 18.4500, 'replace catalytic converter; replace brake pedal spring; ', 'Newex', '17V457000'),
(549, '2019-06-13', '2019-06-17', 'pending', 45.8500, 'replace tail lights; ', 'Rundofase', ''),
(550, '2019-06-13', '2019-07-05', 'completed', 435.6900, 'reduce blind spot; replace stabilizer bar; ', 'Rundofase', ''),
(551, '2019-06-13', '2019-06-13', 'completed', 62.4800, 'replace crankcase ventilation filter; adjust adaptive cruise control; ', 'Zencorporation', ''),
(552, '2019-06-13', '2019-06-17', 'pending', 169.1300, 'install curtain airbags; ', 'Zumgoity', ''),
(553, '2019-06-14', '2019-06-15', 'pending', 14.4200, 'configure audio remote control; correct abs; ', 'Cancity', '14V422000'),
(554, '2019-06-14', '2019-06-22', 'completed', 91.2600, 'attach spoiler; change brake linings; ', 'Fasehatice', ''),
(555, '2019-06-14', '2019-06-17', 'in progress', 63.9300, 'replace crankcase ventilation filter; change brake linings; ', 'Rundofase', ''),
(556, '2019-06-14', '2019-06-15', 'pending', 114.8700, 'adjust block heater; attach spoiler; ', 'Zoomit', ''),
(557, '2019-06-14', '2019-06-14', 'pending', 52.0800, 'install roof spoiler; attach seat extension; ', 'Zoomit', ''),
(558, '2019-06-15', '2019-06-16', 'completed', 34.8400, 'attach spoiler; replace radiator hoses; ', 'Cancity', ''),
(559, '2019-06-15', '2019-06-17', 'completed', 73.3000, 'configure universal remote control; configure universal remote control; ', 'Cancity', ''),
(560, '2019-06-15', '2019-06-15', 'completed', 52.0800, 'adjust seat belts tension; adjust turn signals; ', 'Newex', '18V231000'),
(561, '2019-06-15', '2019-06-15', 'in progress', 30.7100, 'replace tail lights; replace steering column lock; ', 'Rundofase', ''),
(562, '2019-06-15', '2019-07-03', 'pending', 527.9700, 'upgrade navigation system; reduce fuel consumption; ', 'Rundofase', ''),
(563, '2019-06-15', '2019-07-16', 'in progress', 984.2700, 'fix nvh dampening system; change speaker configuration; ', 'Toughzap', ''),
(564, '2019-06-15', '2019-06-18', 'pending', 100.4500, 'improve engine performance; adjust climate control; ', 'Zencorporation', ''),
(565, '2019-06-15', '2019-06-19', 'in progress', 36.9100, 'upgrade navigation system; set up auto-delay headlights; ', 'Zumgoity', '16V354000'),
(566, '2019-06-16', '2019-06-17', 'completed', 77.2100, 'install turbocharger; change oil filter; ', 'Newex', ''),
(567, '2019-06-16', '2019-06-16', 'in progress', 35.5800, 'attach exterior camera; ', 'Newex', '15V157000'),
(568, '2019-06-16', '2019-06-17', 'pending', 80.8700, 'adjust traction control system; install parking sensors; ', 'Toughzap', ''),
(569, '2019-06-16', '2019-06-16', 'completed', 24.1500, 'install intelligent alternator; install separate rear audio; ', 'Zencorporation', ''),
(570, '2019-06-16', '2019-06-26', 'completed', 162.6100, 'adjust regenerative braking; replace liftgate window; ', 'Zoomit', '13V259000'),
(571, '2019-06-16', '2019-06-16', 'pending', 52.0800, 'change steering rack; adjust ignition timing; ', 'Zoomit', ''),
(572, '2019-06-17', '2019-06-19', 'pending', 52.0800, 'change memory settings of the onboard computer; ', 'Toughzap', '13V175000'),
(573, '2019-06-17', '2019-06-17', 'completed', 35.5800, 'install anti-theft alarm; fix sunroof; ', 'Toughzap', ''),
(574, '2019-06-17', '2019-06-19', 'completed', 229.7400, 'adjust turn signals; adjust turn signals; ', 'Zoomit', '16V842000'),
(575, '2019-06-18', '2019-06-18', 'completed', 85.1000, 'replace diverter valve; change timing belt; ', 'Cancity', ''),
(576, '2019-06-18', '2019-06-19', 'completed', 15.2800, 'change timing belt; fix steering damper; ', 'Fasehatice', ''),
(577, '2019-06-18', '2019-06-21', 'in progress', 249.9100, 'set up auto-delay headlights; replace radiator core & ac condenser; ', 'Fasehatice', '02V253000'),
(578, '2019-06-18', '2019-06-20', 'pending', 43.2700, 'change air conditioner refrigerant; replace liftgate window; ', 'Rundofase', ''),
(579, '2019-06-18', '2019-06-19', 'in progress', 77.2100, 'remove oversteer; change speaker configuration; ', 'Rundofase', ''),
(580, '2019-06-18', '2019-06-18', 'pending', 49.3600, 'reduce fuel consumption; adjust ignition timing; ', 'Toughzap', ''),
(581, '2019-06-18', '2019-07-02', 'pending', 611.6700, 'attach exterior camera; fix external temperature display; ', 'Toughzap', ''),
(582, '2019-06-18', '2019-06-26', 'completed', 169.5600, 'add heated windshield; fix broken tow hooks; ', 'Zencorporation', '13V489000'),
(583, '2019-06-18', '2019-06-24', 'in progress', 150.8600, 'fix ventilated seats; replace tail lights; ', 'Zencorporation', ''),
(584, '2019-06-18', '2019-06-18', 'in progress', 63.9300, 'fix deceleration system; reduce blind spot; ', 'Zoomit', ''),
(585, '2019-06-18', '2019-06-18', 'completed', 35.5800, 'replace water pump; make polarization coating; ', 'Zoomit', '13V147000'),
(586, '2019-06-18', '2019-06-19', 'pending', 80.8700, 'change brake linings; ', 'Zumgoity', ''),
(587, '2019-06-19', '2019-06-27', 'in progress', 79.8000, 'fix air filter restriction indicator; ', 'Cancity', ''),
(588, '2019-06-19', '2019-06-20', 'pending', 59.7900, 'change purge valve; attach exterior camera; ', 'Newex', ''),
(589, '2019-06-19', '2019-07-12', 'completed', 330.9800, 'install intelligent alternator; remove oversteer; ', 'Rundofase', ''),
(590, '2019-06-19', '2019-06-21', 'pending', 30.7600, 'fix solar sunroof; replace brake pedal spring; ', 'Rundofase', '07V220000'),
(591, '2019-06-19', '2019-06-20', 'completed', 71.1600, 'install roof spoiler; replace liftgate window; ', 'Rundofase', ''),
(592, '2019-06-19', '2019-06-19', 'completed', 49.3600, 'install roof spoiler; configure audio remote control; ', 'Toughzap', ''),
(593, '2019-06-19', '2019-06-23', 'pending', 159.0400, 'install on-board diagnosis system; install on-board diagnosis system; ', 'Zumgoity', ''),
(594, '2019-06-20', '2019-06-20', 'completed', 133.0000, 'adjust hybrid performance; change purge valve; ', 'Fasehatice', ''),
(595, '2019-06-20', '2019-06-20', 'completed', 63.9300, 'change brake linings; adjust turn signals; ', 'Fasehatice', ''),
(596, '2019-06-20', '2019-06-21', 'in progress', 104.1500, 'attach exterior camera; ', 'Zencorporation', ''),
(597, '2019-06-20', '2019-06-25', 'pending', 48.8400, 'adjust block heater; replace timing belt tensioner; ', 'Zencorporation', ''),
(598, '2019-06-20', '2019-06-20', 'in progress', 25.1100, 'repair cooled seats; install dusk-sensing headlights; ', 'Zoomit', ''),
(599, '2019-06-20', '2019-06-24', 'pending', 56.3800, 'replace brake pedal spring; change timing belt; ', 'Zoomit', ''),
(600, '2019-06-21', '2019-07-06', 'in progress', 114.0500, 'install anti-theft alarm; adjust climate control; ', 'Fasehatice', ''),
(601, '2019-06-21', '2019-06-22', 'in progress', 28.8500, 'change brake linings; add knee airbags; ', 'Rundofase', '07V533000'),
(602, '2019-06-21', '2019-06-21', 'pending', 35.5800, 'change speaker configuration; install smoked glass; ', 'Rundofase', ''),
(603, '2019-06-21', '2019-06-22', 'pending', 133.0000, 'change coolant; ', 'Toughzap', ''),
(604, '2019-06-21', '2019-06-25', 'pending', 281.3700, 'fix sunroof; prevent fuel pump shutoff; ', 'Zencorporation', ''),
(605, '2019-06-21', '2019-06-22', 'pending', 86.4700, 'replace brake pedal spring; repair seatbelt force limiters; ', 'Zumgoity', ''),
(606, '2019-06-22', '2019-06-25', 'pending', 34.0400, 'change wheel cylinders; refurbish power steering; ', 'Newex', ''),
(607, '2019-06-22', '2019-06-22', 'pending', 52.0800, 'adjust adaptive cruise control; improve engine performance; ', 'Zoomit', '16V907000'),
(608, '2019-06-23', '2019-06-23', 'in progress', 33.1700, 'fix rear defroster; ', 'Cancity', ''),
(609, '2019-06-23', '2019-07-10', 'completed', 129.7800, 'upgrade navigation system; reduce carbon footprint; ', 'Fasehatice', ''),
(610, '2019-06-23', '2019-06-23', 'completed', 43.2400, 'change speaker configuration; replace serpentine belt; ', 'Fasehatice', ''),
(611, '2019-06-23', '2019-06-23', 'in progress', 40.4300, 'replace diverter valve; check drive axle boots; ', 'Newex', ''),
(612, '2019-06-23', '2019-06-23', 'in progress', 52.0800, 'adjust adaptive cruise control; change timing belt; ', 'Rundofase', '13V289000'),
(613, '2019-06-23', '2019-07-10', 'pending', 659.5000, 'replace radiator core & ac condenser; change oil filter; ', 'Rundofase', ''),
(614, '2019-06-23', '2019-07-01', 'completed', 203.8500, 'reconfigure service reminder light; change pcv filter/pcv valve; ', 'Rundofase', ''),
(615, '2019-06-23', '2019-06-24', 'in progress', 90.5400, 'fix a-pillar; repair seatbelt force limiters; ', 'Zumgoity', '13V113000'),
(616, '2019-06-24', '2019-06-25', 'pending', 25.1100, 'attach exterior camera; adjust turn signals; ', 'Fasehatice', ''),
(617, '2019-06-24', '2019-07-13', 'completed', 12.8900, 'replace radiator core & ac condenser; change oil filter; ', 'Toughzap', ''),
(618, '2019-06-24', '2019-06-27', 'completed', 121.3000, 'install separate rear audio; install optional equipment; ', 'Zencorporation', ''),
(619, '2019-06-24', '2019-07-03', 'pending', 161.1600, 'add knee airbags; reconfigure service reminder light; ', 'Zoomit', ''),
(620, '2019-06-25', '2019-06-25', 'in progress', 11.1200, 'replace water pump; change pcv filter/pcv valve; ', 'Cancity', ''),
(621, '2019-06-25', '2019-06-25', 'pending', 43.2400, 'adjust low fuel warning indicator; adjust traction control system; ', 'Cancity', ''),
(622, '2019-06-25', '2019-06-28', 'pending', 19.2300, 'configure audio remote control; change timing belt; ', 'Fasehatice', ''),
(623, '2019-06-25', '2019-06-30', 'pending', 243.9800, 'attach seat extension; install optional equipment; ', 'Zencorporation', ''),
(624, '2019-06-25', '2019-06-25', 'completed', 33.1700, 'adjust block heater; ', 'Zoomit', ''),
(625, '2019-06-25', '2019-06-26', 'completed', 83.9600, 'configure audio remote control; adjust low fuel warning indicator; ', 'Zoomit', ''),
(626, '2019-06-25', '2019-06-25', 'pending', 14.4200, 'attach seat extension; install optional equipment; ', 'Zumgoity', ''),
(627, '2019-06-25', '2019-07-01', 'pending', 261.6300, 'change air conditioner refrigerant; set up satellite radio; ', 'Zumgoity', ''),
(628, '2019-06-26', '2019-06-26', 'in progress', 16.9700, 'install dusk-sensing headlights; adjust accelerator pedal linkage; ', 'Cancity', '18V576000'),
(629, '2019-06-26', '2019-07-11', 'in progress', 148.2800, 'configure audio remote control; replace steering column lock; ', 'Cancity', '18V082000'),
(630, '2019-06-26', '2019-06-26', 'pending', 47.8700, 'adjust ignition timing; install smoked glass; ', 'Rundofase', ''),
(631, '2019-06-26', '2019-06-26', 'completed', 33.1700, 'fix rear defroster; change suspension fluid; ', 'Zoomit', ''),
(632, '2019-06-26', '2019-06-26', 'completed', 46.8300, 'improve cylinder configuration; fix solar sunroof; ', 'Zumgoity', '16V812000'),
(633, '2019-06-27', '2019-06-29', 'completed', 22.0500, 'adjust turn signals; reduce fuel consumption; ', 'Newex', '19V006000'),
(634, '2019-06-27', '2019-06-27', 'completed', 11.4100, 'repair seatbelt force limiters; configure audio remote control; ', 'Rundofase', ''),
(635, '2019-06-27', '2019-06-27', 'in progress', 43.2400, 'change speaker configuration; replace ace filter; ', 'Zencorporation', ''),
(636, '2019-06-28', '2019-07-05', 'in progress', 210.4900, 'fix deceleration system; fix cylinder head bolts; ', 'Toughzap', ''),
(637, '2019-06-28', '2019-07-11', 'pending', 715.3400, 'adjust seat belts tension; repair seatbelt force limiters; ', 'Zencorporation', ''),
(638, '2019-06-28', '2019-06-28', 'in progress', 26.4700, 'adjust adaptive cruise control; replace tail lights; ', 'Zoomit', ''),
(639, '2019-06-29', '2019-07-18', 'completed', 2091.2500, 'fix air filter restriction indicator; fix steering damper; ', 'Cancity', ''),
(640, '2019-06-29', '2019-07-14', 'in progress', 204.2500, 'install active pedestrian protection system; install separate rear audio; ', 'Fasehatice', '16V303000'),
(641, '2019-06-29', '2019-06-29', 'in progress', 31.8100, 'replace brake pedal spring; change brake linings; ', 'Rundofase', ''),
(642, '2019-06-29', '2019-07-03', 'in progress', 16.8800, 'adjust ignition timing; change steering rack; ', 'Toughzap', ''),
(643, '2019-06-29', '2019-07-16', 'in progress', 118.4100, 'change pcv filter/pcv valve; fix rear defroster; ', 'Zumgoity', ''),
(644, '2019-06-30', '2019-07-04', 'in progress', 33.9400, 'fix rear defroster; ', 'Cancity', ''),
(645, '2019-06-30', '2019-07-02', 'completed', 44.9000, 'change timing belt; ', 'Rundofase', '08V344000'),
(646, '2019-07-01', '2019-07-01', 'completed', 34.7700, 'fix cylinder head bolts; install smoked glass; ', 'Cancity', ''),
(647, '2019-07-03', '2019-07-10', 'in progress', 169.5600, 'install vanity mirrors; install optional equipment; ', 'Toughzap', '15V629000'),
(648, '2019-07-03', '2019-07-18', 'completed', 54.2700, 'replace fuel filter; fix cylinder head bolts; ', 'Zencorporation', ''),
(649, '2019-07-05', '2019-07-27', 'in progress', 356.3900, 'replace catalytic converter; install dusk-sensing headlights; ', 'Rundofase', ''),
(650, '2019-07-05', '2019-07-30', 'pending', 1352.4000, 'change speaker configuration; replace brake pedal spring; ', 'Zencorporation', ''),
(651, '2019-07-06', '2019-07-29', 'in progress', 1617.8900, 'adjust ignition timing; add knee airbags; ', 'Newex', '16V641000'),
(652, '2019-07-06', '2019-07-12', 'completed', 173.8300, 'check drive axle boots; ', 'Zencorporation', ''),
(653, '2019-07-06', '2019-07-10', 'pending', 32.2300, 'adjust adaptive cruise control; ', 'Zumgoity', '18V031000'),
(654, '2019-07-07', '2019-07-21', 'completed', 333.1800, 'adjust accelerator pedal linkage; change suspension fluid; ', 'Fasehatice', ''),
(655, '2019-07-08', '2019-08-08', 'in progress', 882.4200, 'adjust low fuel warning indicator; replace water pump; ', 'Rundofase', ''),
(656, '2019-07-08', '2019-07-08', 'in progress', 37.7700, 'refurbish power steering; add heated windshield; ', 'Toughzap', ''),
(657, '2019-07-08', '2019-07-14', 'pending', 126.7000, 'attach exterior camera; replace radiator core & ac condenser; ', 'Zencorporation', ''),
(658, '2019-07-09', '2019-07-14', 'in progress', 289.3500, 'fix rear hvac; reconfigure service reminder light; ', 'Zencorporation', ''),
(659, '2019-07-09', '2019-07-11', 'in progress', 44.1000, 'install roof spoiler; reduce blind spot; ', 'Zumgoity', ''),
(660, '2019-07-10', '2019-07-10', 'in progress', 16.2900, 'install on-board diagnosis system; adjust running boards; ', 'Fasehatice', '09V024000'),
(661, '2019-07-11', '2019-07-13', 'completed', 32.2300, 'install vanity mirrors; check drive axle boots; ', 'Fasehatice', ''),
(662, '2019-07-11', '2019-07-12', 'in progress', 21.6300, 'change coolant; fix broken tow hooks; ', 'Toughzap', ''),
(663, '2019-07-11', '2019-07-11', 'in progress', 43.6100, 'install smoked glass; replace tail lights; ', 'Zoomit', ''),
(664, '2019-07-11', '2019-07-20', 'completed', 79.8000, 'replace tail lights; fix rear defroster; ', 'Zumgoity', ''),
(665, '2019-07-12', '2019-08-07', 'in progress', 455.6500, 'change air conditioner refrigerant; install intelligent alternator; ', 'Zencorporation', '10V449000'),
(666, '2019-07-12', '2019-08-05', 'completed', 118.6300, 'fix air filter restriction indicator; ', 'Zoomit', ''),
(667, '2019-07-12', '2019-07-14', 'completed', 122.3100, 'replace crankcase ventilation filter; replace serpentine belt; ', 'Zumgoity', ''),
(668, '2019-07-14', '2019-07-17', 'pending', 44.9000, 'prevent fuel pump shutoff; set up auto-delay headlights; ', 'Zoomit', ''),
(669, '2019-07-15', '2019-08-03', 'completed', 167.9100, 'install active pedestrian protection system; replace catalytic converter; ', 'Newex', ''),
(670, '2019-07-15', '2019-07-30', 'pending', 94.2100, 'replace radiator hoses; ', 'Rundofase', ''),
(671, '2019-07-17', '2019-07-20', 'pending', 56.5200, 'refurbish power steering; replace catalytic converter; ', 'Rundofase', ''),
(672, '2019-07-17', '2019-07-25', 'in progress', 347.2200, 'replace timing belt tensioner; adjust traction control system; ', 'Rundofase', '16V256000'),
(673, '2019-07-17', '2019-08-13', 'in progress', 573.2600, 'change steering rack; ', 'Rundofase', ''),
(674, '2019-07-18', '2019-07-26', 'in progress', 98.7100, 'check drive axle boots; adjust accelerator pedal linkage; ', 'Fasehatice', '16V651000'),
(675, '2019-07-18', '2019-09-16', 'pending', 238.3700, 'fix cylinder head bolts; replace brake pedal spring; ', 'Toughzap', '11V395000'),
(676, '2019-07-18', '2019-07-22', 'completed', 305.8300, 'refurbish power steering; change timing belt; ', 'Zencorporation', '14V261000'),
(677, '2019-07-18', '2019-07-24', 'completed', 45.2700, 'adjust reverse tilt mirrors; adjust climate control; ', 'Zumgoity', ''),
(678, '2019-07-19', '2019-08-06', 'in progress', 43.2800, 'repair shiftable automatic transmission; refurbish power steering; ', 'Cancity', ''),
(679, '2019-07-19', '2019-07-31', 'in progress', 35.0100, 'change wheel cylinders; correct abs; ', 'Toughzap', '13V114000'),
(680, '2019-07-20', '2019-07-25', 'in progress', 57.6800, 'attach spoiler; ', 'Cancity', ''),
(681, '2019-07-20', '2019-08-25', 'in progress', 467.7800, 'replace fuel filter; replace stabilizer bar; ', 'Newex', ''),
(682, '2019-07-21', '2019-08-15', 'completed', 159.0400, 'replace ace filter; improve engine performance; ', 'Fasehatice', ''),
(683, '2019-07-21', '2019-07-26', 'pending', 338.2600, 'upgrade navigation system; improve engine performance; ', 'Rundofase', ''),
(684, '2019-07-22', '2019-07-24', 'in progress', 39.2200, 'install anti-theft alarm; add knee airbags; ', 'Fasehatice', '15V846000'),
(686, '2019-07-23', '2019-07-30', 'completed', 81.4300, 'install separate rear audio; correct abs; ', 'Fasehatice', '19V146000'),
(687, '2019-07-23', '2019-07-24', 'pending', 26.2900, 'install parking sensors; add knee airbags; ', 'Zoomit', ''),
(688, '2019-07-23', '2019-07-30', 'completed', 285.3800, 'change suspension fluid; repair seatbelt force limiters; ', 'Zoomit', ''),
(689, '2019-07-24', '2019-08-30', 'pending', 1408.9500, 'change suspension fluid; reduce blind spot; ', 'Fasehatice', ''),
(690, '2019-07-24', '2019-08-13', 'completed', 793.1800, 'fix deceleration system; set up satellite radio; ', 'Fasehatice', ''),
(691, '2019-07-24', '2019-09-26', 'in progress', 452.5700, 'upgrade navigation system; fix power activated release; ', 'Toughzap', ''),
(692, '2019-07-24', '2019-07-31', 'pending', 140.3300, 'fix nvh dampening system; reduce fuel consumption; ', 'Toughzap', ''),
(693, '2019-07-24', '2019-08-10', 'in progress', 1121.3900, 'replace crankcase ventilation filter; configure universal remote control; ', 'Zencorporation', ''),
(694, '2019-07-24', '2019-08-04', 'completed', 139.3600, 'improve engine performance; add knee airbags; ', 'Zoomit', ''),
(695, '2019-07-24', '2019-07-31', 'pending', 44.7400, 'reduce blind spot; replace crankcase ventilation filter; ', 'Zumgoity', ''),
(696, '2019-07-25', '2019-08-19', 'in progress', 1226.6500, 'improve engine performance; configure audio remote control; ', 'Fasehatice', '19V293000'),
(697, '2019-07-25', '2019-08-04', 'pending', 94.5200, 'install active pedestrian protection system; improve engine performance; ', 'Newex', ''),
(698, '2019-07-25', '2019-08-06', 'completed', 78.8700, 'replace liftgate window; replace radiator core & ac condenser; ', 'Toughzap', '15V439000'),
(699, '2019-07-25', '2019-08-21', 'in progress', 1042.3400, 'replace stabilizer bar; ', 'Zumgoity', ''),
(700, '2019-07-26', '2019-07-27', 'completed', 68.2700, 'change pcv filter/pcv valve; prevent fuel pump shutoff; ', 'Cancity', '10V035000'),
(701, '2019-07-26', '2019-07-27', 'in progress', 13.0700, 'change brake linings; adjust turn signals; ', 'Rundofase', ''),
(702, '2019-07-26', '2019-08-19', 'completed', 128.9400, 'repair cooled seats; change steering rack; ', 'Zoomit', '16V349000'),
(703, '2019-07-26', '2019-07-27', 'pending', 29.9300, 'adjust running boards; reduce blind spot; ', 'Zoomit', ''),
(704, '2019-07-27', '2019-08-07', 'in progress', 390.3700, 'repair direct injection system; adjust low fuel warning indicator; ', 'Fasehatice', '14V743000'),
(705, '2019-07-27', '2019-07-28', 'pending', 59.7500, 'replace steering column lock; reconfigure service reminder light; ', 'Zumgoity', ''),
(706, '2019-07-28', '2019-08-13', 'pending', 59.2000, 'correct abs; install turbocharger; ', 'Cancity', ''),
(707, '2019-07-28', '2019-08-05', 'completed', 87.2100, 'check drive axle boots; ', 'Zoomit', ''),
(708, '2019-07-28', '2019-08-20', 'completed', 338.4400, 'improve engine performance; install parking sensors; ', 'Zumgoity', ''),
(709, '2019-07-29', '2019-08-07', 'in progress', 130.7500, 'reduce carbon footprint; change speaker configuration; ', 'Fasehatice', '15V846000'),
(710, '2019-07-29', '2019-07-30', 'completed', 33.9400, 'adjust regenerative braking; install dusk-sensing headlights; ', 'Newex', ''),
(711, '2019-07-29', '2019-08-03', 'in progress', 112.7500, 'improve cylinder configuration; replace serpentine belt; ', 'Newex', ''),
(712, '2019-07-29', '2019-08-02', 'in progress', 76.8900, 'repair shiftable automatic transmission; improve engine performance; ', 'Zumgoity', ''),
(713, '2019-07-30', '2019-08-06', 'completed', 211.0300, 'fix cylinder head bolts; add heated windshield; ', 'Zumgoity', ''),
(714, '2019-07-31', '2019-08-06', 'in progress', 33.9400, 'install intelligent alternator; change timing belt; ', 'Fasehatice', '08E050000'),
(715, '2019-07-31', '2019-08-22', 'pending', 682.4300, 'change wheel cylinders; install intelligent alternator; ', 'Rundofase', ''),
(716, '2019-08-01', '2019-08-24', 'in progress', 99.7600, 'install dusk-sensing headlights; fix rear defroster; ', 'Cancity', ''),
(717, '2019-08-01', '2019-08-10', 'in progress', 189.9300, 'replace water pump; ', 'Fasehatice', ''),
(718, '2019-08-04', '2019-08-22', 'in progress', 652.3100, 'replace ace filter; set up auto-delay headlights; ', 'Fasehatice', ''),
(719, '2019-08-04', '2019-08-07', 'in progress', 65.1500, 'fix rear defroster; adjust accelerator pedal linkage; ', 'Rundofase', ''),
(720, '2019-08-04', '2019-08-25', 'completed', 905.3500, 'adjust accelerator pedal linkage; improve engine performance; ', 'Zumgoity', '17V769000'),
(721, '2019-08-05', '2019-08-05', 'in progress', 44.7400, 'improve engine performance; add knee airbags; ', 'Zencorporation', ''),
(722, '2019-08-06', '2019-08-09', 'completed', 87.2100, 'install active pedestrian protection system; change speaker configuration; ', 'Newex', ''),
(723, '2019-08-06', '2019-08-20', 'pending', 448.1300, 'install intelligent alternator; change speaker configuration; ', 'Toughzap', ''),
(724, '2019-08-07', '2019-08-09', 'completed', 34.1400, 'improve cylinder configuration; prevent fuel pump shutoff; ', 'Zencorporation', ''),
(725, '2019-08-08', '2019-08-14', 'in progress', 134.6000, 'adjust low fuel warning indicator; fix rear defroster; ', 'Zencorporation', ''),
(726, '2019-08-08', '2019-09-11', 'completed', 374.4600, 'replace steering column lock; fix steering damper; ', 'Zoomit', ''),
(727, '2019-08-08', '2019-09-03', 'pending', 1899.2600, 'add heated windshield; prevent fuel pump shutoff; ', 'Zumgoity', ''),
(728, '2019-08-09', '2019-08-22', 'pending', 357.6700, 'replace radiator core & ac condenser; fix power activated release; ', 'Rundofase', ''),
(729, '2019-08-09', '2019-09-03', 'completed', 376.8600, 'repair cooled seats; adjust reverse tilt mirrors; ', 'Toughzap', ''),
(730, '2019-08-09', '2019-08-19', 'in progress', 164.5200, 'replace fuel filter; change coolant; ', 'Zencorporation', ''),
(731, '2019-08-09', '2019-09-19', 'completed', 407.5100, 'correct abs; adjust low fuel warning indicator; ', 'Zencorporation', '08E050000'),
(732, '2019-08-09', '2019-08-23', 'in progress', 173.8300, 'reduce fuel consumption; repair direct injection system; ', 'Zoomit', ''),
(733, '2019-08-09', '2019-08-22', 'completed', 25.6300, 'repair direct injection system; replace liftgate window; ', 'Zoomit', ''),
(734, '2019-08-09', '2019-08-11', 'completed', 146.3900, 'adjust climate control; repair cooled seats; ', 'Zoomit', ''),
(735, '2019-08-10', '2019-09-05', 'completed', 238.9800, 'reconfigure service reminder light; fix sunroof; ', 'Zumgoity', ''),
(736, '2019-08-11', '2019-08-18', 'pending', 118.8000, 'install turbocharger; ', 'Rundofase', ''),
(737, '2019-08-11', '2019-08-17', 'pending', 118.1300, 'fix external temperature display; adjust reverse tilt mirrors; ', 'Zencorporation', ''),
(738, '2019-08-14', '2019-08-18', 'in progress', 146.3900, 'set up auto-delay headlights; change speaker configuration; ', 'Newex', ''),
(739, '2019-08-14', '2019-08-24', 'completed', 496.3600, 'adjust accelerator pedal linkage; add knee airbags; ', 'Toughzap', ''),
(740, '2019-08-14', '2019-08-16', 'pending', 37.7700, 'check drive axle boots; remove oversteer; ', 'Zencorporation', ''),
(741, '2019-08-14', '2019-09-09', 'pending', 452.9200, 'replace radiator hoses; replace steering column lock; ', 'Zoomit', ''),
(742, '2019-08-15', '2019-09-13', 'pending', 611.6700, 'fix rear defroster; reduce carbon footprint; ', 'Cancity', ''),
(743, '2019-08-15', '2019-08-29', 'completed', 66.1400, 'install turbocharger; ', 'Fasehatice', ''),
(744, '2019-08-15', '2019-08-20', 'in progress', 177.6100, 'replace liftgate window; ', 'Rundofase', '19V256000'),
(745, '2019-08-16', '2019-08-23', 'in progress', 122.9500, 'replace timing belt tensioner; replace crankcase ventilation filter; ', 'Rundofase', ''),
(746, '2019-08-17', '2019-08-19', 'pending', 112.7500, 'change timing belt; replace catalytic converter; ', 'Zoomit', ''),
(747, '2019-08-18', '2019-09-22', 'in progress', 402.6000, 'fix nvh dampening system; install separate rear audio; ', 'Cancity', ''),
(748, '2019-08-18', '2019-09-03', 'pending', 34.1400, 'fix sunroof; install roof spoiler; ', 'Toughzap', '18V025000'),
(749, '2019-08-18', '2019-09-20', 'completed', 586.6300, 'improve engine performance; ', 'Zencorporation', ''),
(750, '2019-08-18', '2019-08-20', 'in progress', 44.9000, 'reconfigure service reminder light; reconfigure service reminder light; ', 'Zumgoity', ''),
(751, '2019-08-19', '2019-09-05', 'pending', 101.2600, 'make polarization coating; change speaker configuration; ', 'Cancity', ''),
(752, '2019-08-19', '2019-08-30', 'in progress', 188.8500, 'replace serpentine belt; install intelligent alternator; ', 'Cancity', ''),
(753, '2019-08-20', '2019-08-24', 'completed', 130.8200, 'fix broken tow hooks; fix deceleration system; ', 'Cancity', ''),
(754, '2019-08-20', '2019-08-25', 'completed', 25.7900, 'change oil filter; ', 'Zencorporation', ''),
(755, '2019-08-21', '2019-09-08', 'completed', 41.9800, 'fix rear hvac; change memory settings of the onboard computer; ', 'Newex', ''),
(756, '2019-08-21', '2019-08-25', 'completed', 289.3500, 'replace water pump; add knee airbags; ', 'Toughzap', ''),
(757, '2019-08-23', '2019-08-26', 'completed', 13.0700, 'install dusk-sensing headlights; fix air filter restriction indicator; ', 'Newex', ''),
(758, '2019-08-24', '2019-09-05', 'pending', 179.4000, 'upgrade navigation system; attach spoiler; ', 'Toughzap', ''),
(759, '2019-08-25', '2019-08-28', 'pending', 169.1300, 'adjust adaptive cruise control; replace timing belt tensioner; ', 'Cancity', ''),
(760, '2019-08-25', '2019-08-27', 'completed', 29.6000, 'fix steering damper; ', 'Fasehatice', ''),
(761, '2019-08-25', '2019-08-27', 'in progress', 16.2900, 'adjust seat belts tension; replace crankcase ventilation filter; ', 'Fasehatice', '17V761000'),
(762, '2019-08-25', '2019-08-26', 'in progress', 32.2300, 'reduce blind spot; replace ace filter; ', 'Zoomit', '17V260000'),
(763, '2019-08-26', '2019-09-03', 'pending', 135.7700, 'change timing belt; replace steering column lock; ', 'Zencorporation', ''),
(764, '2019-08-27', '2019-09-05', 'pending', 115.8200, 'install on-board diagnosis system; adjust traction control system; ', 'Newex', ''),
(765, '2019-08-27', '2019-09-26', 'pending', 1352.4000, 'replace fuel filter; check drive axle boots; ', 'Toughzap', ''),
(766, '2019-08-27', '2019-09-08', 'pending', 89.4200, 'replace radiator core & ac condenser; change oil filter; ', 'Toughzap', ''),
(767, '2019-08-27', '2019-09-03', 'in progress', 55.1500, 'reduce blind spot; change wheel cylinders; ', 'Zoomit', ''),
(768, '2019-08-27', '2019-08-28', 'in progress', 31.8100, 'fix nvh dampening system; ', 'Zumgoity', ''),
(769, '2019-08-27', '2019-09-06', 'pending', 70.1600, 'replace steering column lock; adjust traction control system; ', 'Zumgoity', ''),
(770, '2019-08-28', '2019-08-29', 'pending', 43.6100, 'adjust turn signals; install parking sensors; ', 'Rundofase', ''),
(771, '2019-08-28', '2019-08-30', 'in progress', 184.0000, 'repair cooled seats; adjust seat belts tension; ', 'Rundofase', ''),
(772, '2019-08-29', '2019-08-30', 'pending', 16.1200, 'change steering rack; fix deceleration system; ', 'Fasehatice', ''),
(773, '2019-08-29', '2019-09-18', 'completed', 154.7300, 'replace tail lights; change oil filter; ', 'Zencorporation', ''),
(774, '2019-08-30', '2019-09-03', 'completed', 29.2400, 'fix deceleration system; reduce fuel consumption; ', 'Toughzap', ''),
(775, '2019-08-30', '2019-09-19', 'in progress', 540.7300, 'set up satellite radio; replace brake pedal spring; ', 'Zoomit', ''),
(776, '2019-08-31', '2019-09-02', 'in progress', 113.3100, 'install active pedestrian protection system; install intelligent alternator; ', 'Rundofase', ''),
(777, '2019-09-01', '2019-09-04', 'completed', 44.9000, 'improve cylinder configuration; install optional equipment; ', 'Zoomit', '13V248000'),
(778, '2019-09-01', '2019-09-10', 'completed', 146.3900, 'replace liftgate window; fix broken tow hooks; ', 'Zoomit', ''),
(779, '2019-09-02', '2019-09-06', 'pending', 105.7200, 'fix air filter restriction indicator; adjust retractable mirrors; ', 'Cancity', ''),
(780, '2019-09-02', '2019-09-24', 'pending', 950.6200, 'replace diverter valve; replace brake pedal spring; ', 'Rundofase', ''),
(781, '2019-09-02', '2019-09-23', 'completed', 119.7100, 'install anti-theft alarm; refurbish power steering; ', 'Toughzap', ''),
(782, '2019-09-02', '2019-09-21', 'pending', 156.9000, 'install intelligent alternator; replace diverter valve; ', 'Zoomit', ''),
(783, '2019-09-03', '2019-09-09', 'in progress', 243.3600, 'replace brake pedal spring; replace timing belt tensioner; ', 'Cancity', ''),
(784, '2019-09-03', '2019-09-10', 'in progress', 264.3900, 'replace diverter valve; replace catalytic converter; ', 'Newex', ''),
(785, '2019-09-03', '2019-09-13', 'pending', 266.1200, 'fix a-pillar; check drive axle boots; ', 'Rundofase', ''),
(786, '2019-09-04', '2019-09-14', 'pending', 79.0500, 'reduce blind spot; adjust turn signals; ', 'Cancity', ''),
(787, '2019-09-04', '2019-09-11', 'completed', 64.8900, 'prevent fuel pump shutoff; ', 'Fasehatice', ''),
(788, '2019-09-04', '2019-09-22', 'in progress', 562.4300, 'make polarization coating; repair cooled seats; ', 'Rundofase', ''),
(789, '2019-09-05', '2019-09-18', 'completed', 174.4200, 'replace fuel filter; adjust seat belts tension; ', 'Zencorporation', ''),
(790, '2019-09-06', '2019-09-15', 'pending', 165.4100, 'fix deceleration system; replace ace filter; ', 'Cancity', ''),
(791, '2019-09-06', '2019-09-12', 'completed', 32.2300, 'replace tail lights; replace fuel filter; ', 'Cancity', '');
INSERT INTO `Repairs` (`repairID`, `start_date`, `end_date`, `repair_status`, `total_cost`, `repair_description`, `vendor_name`, `NHTSA_recall_number`) VALUES
(792, '2019-09-06', '2019-09-08', 'in progress', 110.3000, 'install curtain airbags; install separate rear audio; ', 'Fasehatice', ''),
(793, '2019-09-06', '2019-09-09', 'completed', 44.9000, 'change pcv filter/pcv valve; ', 'Newex', ''),
(794, '2019-09-06', '2019-09-19', 'in progress', 169.7100, 'install curtain airbags; replace catalytic converter; ', 'Toughzap', ''),
(795, '2019-09-06', '2019-09-25', 'completed', 694.4400, 'replace brake pedal spring; adjust traction control system; ', 'Zumgoity', ''),
(796, '2019-09-08', '2019-09-23', 'completed', 286.2700, 'change speaker configuration; prevent fuel pump shutoff; ', 'Newex', ''),
(797, '2019-09-08', '2019-09-26', 'completed', 195.4400, 'install turbocharger; adjust climate control; ', 'Zumgoity', ''),
(798, '2019-09-09', '2019-09-11', 'in progress', 122.6700, 'refurbish power steering; fix sunroof; ', 'Newex', '18V332000'),
(799, '2019-09-09', '2019-09-21', 'completed', 68.2700, 'repair direct injection system; ', 'Toughzap', ''),
(800, '2019-09-11', '2019-09-15', 'pending', 357.6700, 'fix rear hvac; reduce fuel consumption; ', 'Zoomit', ''),
(801, '2019-09-11', '2019-09-19', 'in progress', 154.4200, 'replace fuel filter; ', 'Zumgoity', ''),
(802, '2019-09-13', '2019-09-22', 'pending', 110.3000, 'replace steering column lock; ', 'Fasehatice', '16V595000'),
(803, '2019-09-13', '2019-09-19', 'pending', 103.8000, 'change brake linings; fix solar sunroof; ', 'Newex', ''),
(804, '2019-09-14', '2019-09-18', 'completed', 80.5800, 'add knee airbags; ', 'Cancity', ''),
(805, '2019-09-14', '2019-09-16', 'in progress', 34.7700, 'change oil filter; adjust traction control system; ', 'Fasehatice', '13V450000'),
(806, '2019-09-14', '2019-09-25', 'in progress', 389.5600, 'change coolant; adjust low fuel warning indicator; ', 'Newex', ''),
(807, '2019-09-14', '2019-09-18', 'pending', 74.8300, 'fix rear defroster; change oil filter; ', 'Toughzap', ''),
(808, '2019-09-15', '2019-09-23', 'pending', 178.9600, 'adjust adaptive cruise control; upgrade navigation system; ', 'Zencorporation', ''),
(809, '2019-09-17', '2019-09-17', 'pending', 34.7700, 'fix air filter restriction indicator; replace steering column lock; ', 'Zencorporation', ''),
(810, '2019-09-17', '2019-09-19', 'pending', 34.8400, 'replace diverter valve; adjust reverse tilt mirrors; ', 'Zumgoity', ''),
(811, '2019-09-17', '2019-09-18', 'pending', 37.7700, 'fix steering damper; adjust low fuel warning indicator; ', 'Zumgoity', '18V427000'),
(812, '2019-09-19', '2019-09-19', 'completed', 35.0800, 'add heated windshield; fix rear hvac; ', 'Cancity', ''),
(813, '2019-09-19', '2019-09-26', 'in progress', 56.3800, 'adjust climate control; install anti-theft alarm; ', 'Zoomit', '17V024000'),
(814, '2019-09-20', '2019-09-24', 'in progress', 140.6900, 'configure audio remote control; adjust seat belts tension; ', 'Rundofase', ''),
(815, '2019-09-21', '2019-09-25', 'completed', 77.2100, 'add knee airbags; refurbish power steering; ', 'Zoomit', ''),
(816, '2019-09-22', '2019-09-24', 'completed', 61.3300, 'reduce fuel consumption; replace diverter valve; ', 'Zoomit', ''),
(817, '2019-09-23', '2019-09-25', 'in progress', 39.2200, 'change speaker configuration; change oil filter; ', 'Cancity', ''),
(818, '2019-09-25', '2019-09-26', 'pending', 32.2300, 'adjust accelerator pedal linkage; replace fuel filter; ', 'Zoomit', '18V204000'),
(819, '2019-09-26', '2019-09-26', 'in progress', 48.8000, 'adjust hybrid performance; install dusk-sensing headlights; ', 'Fasehatice', '09E012000');

-- --------------------------------------------------------

--
-- Table structure for table `RepairVehicle`
--

CREATE TABLE `RepairVehicle` (
  `VIN` varchar(100) COLLATE utf8mb4_unicode_ci NOT NULL
) ENGINE=InnoDB DEFAULT CHARSET=utf8mb4 COLLATE=utf8mb4_unicode_ci;

--
-- Dumping data for table `RepairVehicle`
--

INSERT INTO `RepairVehicle` (`VIN`) VALUES
('036JZFZ8I3K433701'),
('05AJ273ZM02946325'),
('05WXEVLB5X8956206'),
('0HJ3WSLKGZT340626'),
('0KQT4QWDSFO183874'),
('0OZ6776OUA0065975'),
('0XHRC15HS5V123753'),
('0XJA8OD4GS2220202'),
('0Y8HTOZ7K6L112375'),
('1D377TZAWSW801985'),
('1D75678DO43448008'),
('1EW5SWZMNBU661507'),
('1J1RMS1AO48718511'),
('1MF8O5K3V5X143850'),
('1NVXI5JXG3Q330243'),
('1RQR2NON75E373495'),
('1U4MXLVV84A726331'),
('1WU1KQALZ75403546'),
('27J2LRAE38R945176'),
('2CEDOZQS3WI014174'),
('2KANK83IC2A444270'),
('2TN1NJUXESG344969'),
('30IT6VOHPTN692600'),
('30KBYEYBKH5669910'),
('31ZQB40Z55B784788'),
('35TB5QWCJW0515619'),
('38ZSAKVC20U930606'),
('3HWBBE541KJ068668'),
('3KYD25BMOB3101135'),
('3S8JO5UMV1Y166789'),
('3U3N6HS8K3V143011'),
('3VWJ7G74MRP551283'),
('41AHCTXZIUN699904'),
('426W8PU85BH593514'),
('4G40BAXEV4V936460'),
('58SXUC0BZIA446980'),
('5I71MA5PSO0445780'),
('5U2302GFYRL619555'),
('66BVP1UV1VM384215'),
('6D300ABH65P725391'),
('6GHR6AAGP36983674'),
('6HKQMAEQ5PA690783'),
('6KSCMBLK5DZ055754'),
('6PSJQWZYS2J443879'),
('73MVKB63GMJ964569'),
('7A13XEM0IMF171736'),
('7F3L3GAY4BB268957'),
('7FT34LPXEKD855738'),
('7T0CI3XEYJA004139'),
('7W7UDF3KP41966929'),
('7Y1EAHONCCS732936'),
('7YCPTKZS5B3163969'),
('8BPZY476GS8852305'),
('8C76DYYDYJU989849'),
('8CPKHCHU2W7031895'),
('8FX05ZAH64B316440'),
('A1NW00GFYRY803793'),
('A2YAQD6KDWM503404'),
('ABCX0O07N6F519334'),
('AFTWPBMU2TA534019'),
('AI51SMWRVBH997689'),
('AKHFEO0D1D4893889'),
('AN86IKI83LD618280'),
('ASBUY3C1GYP443816'),
('ATWA3W65LU2848535'),
('AZCPHC4R1RY522608'),
('B2JQXKMCCJ3730138'),
('B3V53WEVPX7253102'),
('BHVL8OFSZ0G423785'),
('BMMT70O7FLR864961'),
('BNWE37HKK6A465562'),
('BX1OSN5TZYU191007'),
('C0VHQRA5CIO857811'),
('C1OCSTQ1VP0823459'),
('C4QIGI5R0PE739600'),
('CHA3G8GE21K992177'),
('CNXWEAHRICK569430'),
('CQCKR5VZRWO844951'),
('E5WGL31NMNQ304399'),
('E64AFHYM7CM667399'),
('E8MFMML51CM701156'),
('EAJW0OF78HV386515'),
('EBZZN84J0L1163524'),
('EFUWNBMO3TM316916'),
('EMARJQJLUEI221810'),
('ENHQ8WS125F354364'),
('EVDJMOIDNRC331823'),
('F5BABPZQD3I737349'),
('F6TVSMY2L2Z886673'),
('FRCY3VYNL42885570'),
('FWOYW8SJUH7074597'),
('FZ1HFZ585WR955503'),
('G33VJW8N2FY389186'),
('GB5EB3AIUD0242483'),
('GBA0V3Z00JI851102'),
('GC225MTL5DF831250'),
('GKTLIDKGMZ6109105'),
('H0SVSC0X1W0660350'),
('H130KLLOZLY973998'),
('H7PM7E5LCY5894305'),
('I6M6GMQGG7C407268'),
('I7CVVBU08H1044370'),
('IB3FDW7VPTE357125'),
('IHCVQSL87UO415387'),
('IKUQE1AIER1879688'),
('IOCT8QVK86C997015'),
('JAH4TXSVFRZ937654'),
('JB6TJOH3G13545501'),
('JGARQY7YBFD847126'),
('JVT2Q6U7HLH559100'),
('JVUFO2OOZH6501609'),
('K23GQ1HYKID336715'),
('K5ZQ65X47KU986899'),
('K6NPKFWC2DG818634'),
('KG6S1KYGKY7383089'),
('KIYTRMRZHSZ939929'),
('KRDZJUDE7EC973298'),
('KSC5NS2WX0Q021711'),
('L075CLEGAGV332326'),
('L2G40AKW0DV261314'),
('L8CKHAJ376Q732997'),
('LAW66TO51NY340329'),
('LEWHC17RSR2225266'),
('LMC0DXV2F72475134'),
('LN7ZMWGACVJ434473'),
('LXLYHOV4G1Z722469'),
('M58W6OQD1J3561088'),
('M6J2KWLLUKW587077'),
('MBKMABQOONK563483'),
('MT0OEZQ7C5Q035531'),
('MW6HGX7M6O4186962'),
('MW7W375RHHU707116'),
('MXF3EGT2PAG490479'),
('MYX14D30CZI581341'),
('N5VAEVB47M5598208'),
('NNLD761PGMY686484'),
('NQC3ODNRG8W618383'),
('NVDV1HTYNUU168147'),
('OOXPL1JMKRX336822'),
('OUIFCWSPPHR650293'),
('OUXQFNQE2K7274854'),
('P7UUVOVKPTD080947'),
('PC02G0A675B935953'),
('PEXVHDHEYM7282767'),
('PHTKITC5C1H921363'),
('PUVTYE6IVGN271318'),
('QHUYKEFC12W678012'),
('QNGJBXZ0ZPN690169'),
('R56SEOUUT0R265399'),
('RUAW8E8S2SA826885'),
('RZ64Q4VF3EC682670'),
('S7OOZE7TI6U419267'),
('SEXWGCZNLS4439650'),
('SGEAZM7OHRE981138'),
('SJV51DZQ416158315'),
('SROKG0OMKKQ394333'),
('SWME2EZ3HDD006687'),
('SX73Y7QKKQF628146'),
('SZAJTDBI6IL561669'),
('T1HO8QC0CE5867880'),
('TD5OFRN1LC8601752'),
('U0PQOVOJXT2453885'),
('U3HSV2KCE0Y319532'),
('UEHE08QS622862172'),
('UVVEV0Y7R3V483738'),
('V4JVFR4YRS7140562'),
('VDJS4PZ5A22366162'),
('VP0U4FNOL1Q272112'),
('VROU7UEWYWK097688'),
('VSGK3RYW2TC911641'),
('WJENS213H4U188325'),
('WJUY8SU2JR0730363'),
('WMXOWCZE1MO140134'),
('WN6OY1F26X1741004'),
('WSHBRYQYDCI202435'),
('WSMCQT2QRUX986498'),
('X7PFFGNBSQI524327'),
('XG2F8AZ3DKK768039'),
('XK51E6IAGWW949280'),
('XLHSC830B4B709486'),
('XOBOW6AU18A917853'),
('XUV6JR4Q8SX652578'),
('YB3M3MZEQ1J275307'),
('YR8K00OE58G720472'),
('YSPKFT8VKW8617087'),
('Z0Z206HDHO0103381'),
('Z4RBIUHHJZS859016'),
('Z4SH0SHZI01062444'),
('Z8UDI7LAGS7164830'),
('ZDIFPMGLJRT329921'),
('ZDR30CO5D6G733856'),
('ZIL5XS7BK6F565259'),
('ZIYO5EKWDKS246902'),
('ZJFVODF6M3T898510'),
('ZS1M7DGNG0B708125'),
('ZS1SXM3GTO8957023'),
('ZXZP2ADJFMJ124788');

-- --------------------------------------------------------

--
-- Table structure for table `SalesPeople`
--

CREATE TABLE `SalesPeople` (
  `username` varchar(80) COLLATE utf8mb4_unicode_ci NOT NULL
) ENGINE=InnoDB DEFAULT CHARSET=utf8mb4 COLLATE=utf8mb4_unicode_ci;

--
-- Dumping data for table `SalesPeople`
--

INSERT INTO `SalesPeople` (`username`) VALUES
('burdell'),
('user08'),
('user09'),
('user11'),
('user13'),
('user15'),
('user16'),
('user17'),
('user20'),
('user23'),
('user25');

-- --------------------------------------------------------

--
-- Table structure for table `SalesTransaction`
--

CREATE TABLE `SalesTransaction` (
  `sales_date` date NOT NULL,
  `VIN` varchar(100) COLLATE utf8mb4_unicode_ci NOT NULL,
  `customerID` int(16) UNSIGNED NOT NULL,
  `salespeople_username` varchar(100) COLLATE utf8mb4_unicode_ci NOT NULL,
  `salesPrice` float(254,4) DEFAULT NULL
) ENGINE=InnoDB DEFAULT CHARSET=utf8mb4 COLLATE=utf8mb4_unicode_ci;

--
-- Dumping data for table `SalesTransaction`
--

INSERT INTO `SalesTransaction` (`sales_date`, `VIN`, `customerID`, `salespeople_username`, `salesPrice`) VALUES
('2019-01-18', 'N5VAEVB47M5598208', 258, 'burdell', 5633.0127),
('2019-01-18', 'VROU7UEWYWK097688', 36, 'user09', 3891.4509),
('2019-01-22', 'BMMT70O7FLR864961', 196, 'user15', 2428.8252),
('2019-01-29', 'EAJW0OF78HV386515', 259, 'user13', 2197.1003),
('2019-01-31', 'RZ64Q4VF3EC682670', 22, 'user16', 6374.7529),
('2019-02-06', 'AKHFEO0D1D4893889', 235, 'user20', 7052.8540),
('2019-02-17', 'C1OCSTQ1VP0823459', 248, 'user17', 5295.2212),
('2019-02-27', '1EW5SWZMNBU661507', 199, 'user17', 1639.3954),
('2019-02-28', 'EFUWNBMO3TM316916', 311, 'user23', 2720.7002),
('2019-03-02', 'ZS1SXM3GTO8957023', 63, 'user08', 3987.4258),
('2019-03-03', 'SX73Y7QKKQF628146', 68, 'user25', 2350.0579),
('2019-03-04', '2KANK83IC2A444270', 12, 'user09', 5379.7065),
('2019-03-08', 'XOBOW6AU18A917853', 48, 'user20', 3012.1350),
('2019-03-09', '1RQR2NON75E373495', 17, 'user09', 1701.0620),
('2019-03-14', 'H0SVSC0X1W0660350', 202, 'user23', 11308.0928),
('2019-03-14', 'X7PFFGNBSQI524327', 222, 'user08', 17692.3750),
('2019-03-17', 'MW6HGX7M6O4186962', 96, 'user16', 5036.4419),
('2019-03-19', 'QNGJBXZ0ZPN690169', 59, 'user09', 4077.5859),
('2019-03-28', 'E64AFHYM7CM667399', 103, 'user13', 2644.6770),
('2019-03-31', '6HKQMAEQ5PA690783', 154, 'user17', 6607.7363),
('2019-03-31', 'IB3FDW7VPTE357125', 114, 'user17', 2710.2446),
('2019-04-01', 'LAW66TO51NY340329', 312, 'user13', 1996.2511),
('2019-04-06', 'CQCKR5VZRWO844951', 227, 'user17', 8369.9121),
('2019-04-06', 'NNLD761PGMY686484', 5, 'user13', 4060.7747),
('2019-04-09', 'UEHE08QS622862172', 118, 'user11', 2196.6494),
('2019-04-11', '0HJ3WSLKGZT340626', 43, 'user09', 3083.4631),
('2019-04-12', '7FT34LPXEKD855738', 214, 'user13', 4038.8894),
('2019-04-14', 'JVUFO2OOZH6501609', 313, 'user20', 5431.9385),
('2019-04-14', 'WJENS213H4U188325', 91, 'user15', 2411.0510),
('2019-04-15', 'XLHSC830B4B709486', 107, 'user16', 7772.6670),
('2019-04-16', 'CNXWEAHRICK569430', 159, 'user23', 6213.0972),
('2019-04-17', 'I6M6GMQGG7C407268', 314, 'user09', 6071.6396),
('2019-04-24', '426W8PU85BH593514', 315, 'user16', 3284.3999),
('2019-04-25', 'B2JQXKMCCJ3730138', 316, 'user16', 6245.1763),
('2019-04-26', 'AI51SMWRVBH997689', 190, 'burdell', 1718.4084),
('2019-04-26', 'EVDJMOIDNRC331823', 49, 'user15', 1323.1500),
('2019-04-27', '05WXEVLB5X8956206', 317, 'user25', 6095.8193),
('2019-04-30', 'LXLYHOV4G1Z722469', 229, 'burdell', 1461.0015),
('2019-05-01', 'Z0Z206HDHO0103381', 116, 'user25', 1661.3319),
('2019-05-02', 'L8CKHAJ376Q732997', 77, 'user08', 4214.8203),
('2019-05-03', 'BX1OSN5TZYU191007', 13, 'burdell', 3101.8145),
('2019-05-03', 'U0PQOVOJXT2453885', 89, 'user09', 3430.1260),
('2019-05-03', 'XK51E6IAGWW949280', 34, 'user15', 2628.4141),
('2019-05-04', 'VP0U4FNOL1Q272112', 217, 'user15', 5015.5737),
('2019-05-06', '4G40BAXEV4V936460', 318, 'user08', 2543.9766),
('2019-05-06', 'K23GQ1HYKID336715', 319, 'user13', 5759.9253),
('2019-05-06', 'ZIL5XS7BK6F565259', 236, 'user23', 2502.7847),
('2019-05-10', 'IKUQE1AIER1879688', 121, 'user17', 2043.8530),
('2019-05-11', 'UVVEV0Y7R3V483738', 134, 'user25', 3314.0332),
('2019-05-14', '0Y8HTOZ7K6L112375', 191, 'burdell', 5594.8203),
('2019-05-16', '31ZQB40Z55B784788', 260, 'burdell', 4432.8218),
('2019-05-20', 'GBA0V3Z00JI851102', 100, 'user17', 1871.7120),
('2019-05-20', 'QHUYKEFC12W678012', 170, 'user15', 1691.8705),
('2019-05-22', '1U4MXLVV84A726331', 209, 'user09', 2881.2231),
('2019-05-23', 'S7OOZE7TI6U419267', 146, 'user15', 2181.0854),
('2019-05-24', '2TN1NJUXESG344969', 256, 'user17', 17573.5859),
('2019-05-24', 'ZXZP2ADJFMJ124788', 52, 'user13', 10978.7178),
('2019-05-26', '30IT6VOHPTN692600', 320, 'user20', 1959.8240),
('2019-05-26', 'MXF3EGT2PAG490479', 176, 'user16', 3327.7805),
('2019-05-26', 'OOXPL1JMKRX336822', 128, 'user09', 4986.6113),
('2019-05-26', 'VSGK3RYW2TC911641', 321, 'user11', 3681.6331),
('2019-05-26', 'WJUY8SU2JR0730363', 160, 'user17', 6364.1416),
('2019-05-27', '73MVKB63GMJ964569', 200, 'user25', 8267.8379),
('2019-05-27', '8CPKHCHU2W7031895', 177, 'user20', 3391.5874),
('2019-05-28', '3U3N6HS8K3V143011', 7, 'user25', 5072.9980),
('2019-05-28', 'PUVTYE6IVGN271318', 110, 'user11', 2764.1953),
('2019-05-30', '35TB5QWCJW0515619', 257, 'user11', 2548.7805),
('2019-05-30', 'KIYTRMRZHSZ939929', 223, 'user13', 7643.7383),
('2019-05-30', 'ZIYO5EKWDKS246902', 187, 'burdell', 12166.4453),
('2019-06-04', '7YCPTKZS5B3163969', 166, 'user15', 4684.3867),
('2019-06-04', 'MBKMABQOONK563483', 150, 'user08', 2565.6479),
('2019-06-08', '1D75678DO43448008', 88, 'user16', 5750.0142),
('2019-06-08', 'JAH4TXSVFRZ937654', 172, 'user09', 2455.2305),
('2019-06-08', 'M58W6OQD1J3561088', 224, 'user16', 10905.0381),
('2019-06-09', 'OUXQFNQE2K7274854', 234, 'user20', 7612.5132),
('2019-06-09', 'PC02G0A675B935953', 245, 'user13', 6007.4121),
('2019-06-10', 'PEXVHDHEYM7282767', 252, 'user09', 2923.2664),
('2019-06-11', 'WSMCQT2QRUX986498', 39, 'user25', 5485.8125),
('2019-06-11', 'XUV6JR4Q8SX652578', 35, 'user25', 1577.7690),
('2019-06-12', 'K5ZQ65X47KU986899', 322, 'user15', 4489.6470),
('2019-06-14', 'LMC0DXV2F72475134', 180, 'user09', 13270.3223),
('2019-06-14', 'RUAW8E8S2SA826885', 137, 'user08', 2607.7600),
('2019-06-16', '1MF8O5K3V5X143850', 219, 'user17', 3974.2866),
('2019-06-17', 'FRCY3VYNL42885570', 323, 'user17', 6548.7871),
('2019-06-17', 'L2G40AKW0DV261314', 27, 'user13', 6120.3730),
('2019-06-18', 'SEXWGCZNLS4439650', 98, 'user16', 2201.0815),
('2019-06-18', 'SWME2EZ3HDD006687', 82, 'user11', 3295.9524),
('2019-06-19', '38ZSAKVC20U930606', 324, 'user17', 2406.2600),
('2019-06-19', 'FZ1HFZ585WR955503', 168, 'user09', 11199.4590),
('2019-06-20', '0OZ6776OUA0065975', 325, 'burdell', 6279.0420),
('2019-06-20', '1NVXI5JXG3Q330243', 38, 'user13', 14864.3525),
('2019-06-20', '3HWBBE541KJ068668', 254, 'burdell', 8780.3027),
('2019-06-20', 'C0VHQRA5CIO857811', 106, 'user08', 5420.1904),
('2019-06-20', 'NVDV1HTYNUU168147', 157, 'user20', 2488.5220),
('2019-06-20', 'V4JVFR4YRS7140562', 326, 'user17', 7061.2983),
('2019-06-21', 'IHCVQSL87UO415387', 6, 'user20', 3802.5688),
('2019-06-21', 'JB6TJOH3G13545501', 169, 'user20', 8483.5615),
('2019-06-21', 'MW7W375RHHU707116', 189, 'user11', 6020.8857),
('2019-06-21', 'YSPKFT8VKW8617087', 69, 'user20', 3904.3040),
('2019-06-22', 'YB3M3MZEQ1J275307', 182, 'user13', 4682.2402),
('2019-06-23', '6PSJQWZYS2J443879', 242, 'user11', 16917.2500),
('2019-06-24', '7T0CI3XEYJA004139', 124, 'user20', 7024.9932),
('2019-06-24', 'G33VJW8N2FY389186', 125, 'user23', 2631.4248),
('2019-06-24', 'L075CLEGAGV332326', 29, 'user15', 2179.0425),
('2019-06-25', 'SROKG0OMKKQ394333', 9, 'user08', 8359.6377),
('2019-06-26', '30KBYEYBKH5669910', 94, 'user11', 2179.4924),
('2019-06-26', '3VWJ7G74MRP551283', 79, 'user23', 1548.7456),
('2019-06-27', '036JZFZ8I3K433701', 327, 'user15', 1265.8750),
('2019-06-27', '6KSCMBLK5DZ055754', 328, 'burdell', 3576.6150),
('2019-06-27', 'KG6S1KYGKY7383089', 19, 'user09', 6035.9946),
('2019-06-27', 'M6J2KWLLUKW587077', 64, 'user25', 6256.0044),
('2019-06-28', '1J1RMS1AO48718511', 330, 'user09', 2104.4424),
('2019-06-28', '7A13XEM0IMF171736', 74, 'user09', 1880.4625),
('2019-06-28', 'F6TVSMY2L2Z886673', 99, 'user20', 4255.8359),
('2019-06-28', 'LEWHC17RSR2225266', 226, 'user15', 1739.6949),
('2019-06-28', 'R56SEOUUT0R265399', 53, 'user15', 3338.0293),
('2019-06-28', 'SZAJTDBI6IL561669', 237, 'user16', 5454.6152),
('2019-06-28', 'YR8K00OE58G720472', 152, 'user17', 5642.3843),
('2019-06-28', 'Z8UDI7LAGS7164830', 331, 'user13', 2679.5786),
('2019-06-29', '8BPZY476GS8852305', 332, 'user25', 9093.4980),
('2019-06-29', 'JVT2Q6U7HLH559100', 37, 'user11', 4385.7363),
('2019-06-29', 'K6NPKFWC2DG818634', 188, 'user25', 3525.9146),
('2019-06-29', 'TD5OFRN1LC8601752', 208, 'user25', 4011.4160),
('2019-06-29', 'ZJFVODF6M3T898510', 131, 'user15', 10534.2510);

-- --------------------------------------------------------

--
-- Table structure for table `Users`
--

CREATE TABLE `Users` (
  `username` varchar(80) COLLATE utf8mb4_unicode_ci NOT NULL,
  `passwords` varchar(80) COLLATE utf8mb4_unicode_ci NOT NULL,
  `first_name` varchar(100) COLLATE utf8mb4_unicode_ci NOT NULL,
  `last_name` varchar(100) COLLATE utf8mb4_unicode_ci NOT NULL,
  `role` varchar(100) COLLATE utf8mb4_unicode_ci NOT NULL
) ENGINE=InnoDB DEFAULT CHARSET=utf8mb4 COLLATE=utf8mb4_unicode_ci;

--
-- Dumping data for table `Users`
--

INSERT INTO `Users` (`username`, `passwords`, `first_name`, `last_name`, `role`) VALUES
('burdell', 'burdell', 'G', 'Burdell', 'All Roles'),
('user01', 'pass01', 'Gail', 'Paprocki', 'Manager'),
('user02', 'pass02', 'Leatha', 'Tomasulo', 'Clerk'),
('user03', 'pass03', 'Jeanice', 'Ragel', 'Clerk'),
('user04', 'pass04', 'Erick', 'Harabedian', 'Clerk'),
('user05', 'pass05', 'Margart', 'Silvestrini', 'Clerk'),
('user06', 'pass06', 'Valentin', 'Louissant', 'Clerk'),
('user07', 'pass07', 'Thaddeus', 'Honeywell', 'Clerk'),
('user08', 'pass08', 'Venita', 'Tolfree', 'Sales Person'),
('user09', 'pass09', 'Salena', 'Kalafatis', 'Sales Person'),
('user10', 'pass10', 'Peggie', 'Discipio', 'Clerk'),
('user11', 'pass11', 'Serina', 'Worlds', 'Sales Person'),
('user12', 'pass12', 'Laticia', 'Aquas', 'Clerk'),
('user13', 'pass13', 'Portia', 'Bowley', 'Sales Person'),
('user14', 'pass14', 'Alex', 'Lungren', 'Clerk'),
('user15', 'pass15', 'Ettie', 'Ruta', 'Sales Person'),
('user16', 'pass16', 'Felix', 'Perigo', 'Sales Person'),
('user17', 'pass17', 'Franklyn', 'Flosi', 'Sales Person'),
('user18', 'pass18', 'Virgina', 'Patak', 'Clerk'),
('user19', 'pass19', 'Frederica', 'Francescon', 'Manager'),
('user20', 'pass20', 'Simona', 'Halter', 'Sales Person'),
('user21', 'pass21', 'Jerry', 'Meinerding', 'Manager'),
('user22', 'pass22', 'Leslie', 'Frerking', 'Clerk'),
('user23', 'pass23', 'Aja', 'Hoa', 'Sales Person'),
('user24', 'pass24', 'Jolene', 'Modzelewski', 'Clerk'),
('user25\r\n', 'pass25\r\n', 'Rozella\r\n', 'Chavous\r\n', 'Sales Person\r\n'),
('user25', 'pass25', 'Rozella\r\n', 'Chavous', 'Sales Person');

-- --------------------------------------------------------

--
-- Table structure for table `Vehicle`
--

CREATE TABLE `Vehicle` (
  `VIN` varchar(100) COLLATE utf8mb4_unicode_ci NOT NULL,
  `model_name` varchar(100) COLLATE utf8mb4_unicode_ci NOT NULL,
  `model_year` int(11) UNSIGNED NOT NULL,
  `mileage` int(16) UNSIGNED NOT NULL,
  `optional_desc` varchar(300) COLLATE utf8mb4_unicode_ci DEFAULT NULL,
  `type_name` varchar(100) COLLATE utf8mb4_unicode_ci NOT NULL,
  `manu_name` varchar(100) COLLATE utf8mb4_unicode_ci NOT NULL
) ENGINE=InnoDB DEFAULT CHARSET=utf8mb4 COLLATE=utf8mb4_unicode_ci;

--
-- Dumping data for table `Vehicle`
--

INSERT INTO `Vehicle` (`VIN`, `model_name`, `model_year`, `mileage`, `optional_desc`, `type_name`, `manu_name`) VALUES
('036JZFZ8I3K433701', 'Q45', 2003, 79683, 'disc brake; ', 'Sedan', 'INFINITI'),
('05AJ273ZM02946325', 'C7500 TOPKICK', 2004, 159990, '', 'SUV', 'GMC'),
('05WXEVLB5X8956206', 'SRX', 2009, 24135, 'fuel injection; ', 'SUV', 'Cadillac'),
('0HJ3WSLKGZT340626', 'LACROSSE', 2008, 17670, 'engine displacement; ', 'SUV', 'Buick'),
('0KQT4QWDSFO183874', 'VERACRUZ', 2007, 58788, 'anti-lock brake system (ABS); ', 'Sedan', 'Hyundai'),
('0OZ6776OUA0065975', 'MULSANNE', 2014, 3409, 'best possible traction; ', 'Sedan', 'Bentley'),
('0XHRC15HS5V123753', 'TSX', 2011, 106125, 'rack and pinion steering; ', 'Truck', 'Acura'),
('0XJA8OD4GS2220202', 'PRIUS V', 2012, 12756, 'superturbocharger; ', 'Minivan', 'Toyota'),
('0Y8HTOZ7K6L112375', 'WRANGLER', 2004, 139065, 'ultra new transmission; normally aspirated; hydraulic brakes; ', 'Van', 'Jeep'),
('1D377TZAWSW801985', 'GT', 2008, 36111, 'no backfire/backfiring; ', 'Minivan', 'Romeo'),
('1D75678DO43448008', 'PROMASTER 2500', 2016, 9230, '', 'Minivan', 'Ram'),
('1EW5SWZMNBU661507', 'TT QUATTRO', 2005, 61050, 'best sedan; automatic transmission; engine displacement; ', 'Van', 'Audi'),
('1J1RMS1AO48718511', 'COOPER COUNTRYMAN', 2013, 34872, '', 'Truck', 'MINI'),
('1MF8O5K3V5X143850', 'LX570', 2010, 104044, 'wide transaxle; ', 'Minivan', 'Lexus'),
('1NVXI5JXG3Q330243', 'AZERA', 2010, 3812, 'automatic valves; wide chassis; ', 'Van', 'Hyundai'),
('1RQR2NON75E373495', 'MX-5', 2006, 14172, 'innovative air bags; ', 'Coupe', 'MAZDA'),
('1U4MXLVV84A726331', 'ELISE', 2007, 129670, '', 'Sedan', 'Lotus'),
('1WU1KQALZ75403546', 'LANCER', 2008, 50010, 'active safety features; crumple zones; ', 'SUV', 'Mitsubishi'),
('22420XMJ47N471618', 'S', 2013, 111720, 'supernew catalytic converter; ', 'SUV', 'Tesla'),
('23XI32P0M0K897737', 'CAYMAN', 2007, 102280, '', 'Convertible', 'Porsche'),
('27J2LRAE38R945176', 'LUCERNE', 2007, 76590, 'high volume cylinder; ', 'SUV', 'Buick'),
('2CEDOZQS3WI014174', 'MP4-12C', 2016, 11800, '2008', 'Minivan', 'McLaren'),
('2KANK83IC2A444270', 'SILVERADO 2500 HD', 2011, 100896, 'minivan; ', 'Convertible', 'Chevrolet'),
('2TN1NJUXESG344969', 'IMPREZA', 2018, 11972, 'automatic torque converter; ', 'SUV', 'Subaru'),
('30IT6VOHPTN692600', 'RL', 2002, 133159, 'oversteer; ', 'SUV', 'Acura'),
('30KBYEYBKH5669910', 'E-350 ECONOLINE CLUB WAGON', 2001, 53610, 'best possible traction; ', 'Sedan', 'Ford'),
('31ZQB40Z55B784788', '456 M GTA', 2002, 123328, 'super new ignition system; power train; ', 'Coupe', 'Ferrari'),
('35TB5QWCJW0515619', 'XKR', 2019, 136271, 'ultra new transmission; ', 'Minivan', 'Jaguar'),
('38ZSAKVC20U930606', 'V12 VANTAGE', 2019, 137449, 'best sedan; ', 'Minivan', 'Martin'),
('3HWBBE541KJ068668', '335I', 2008, 42840, 'best oil pump; ', 'Sedan', 'BMW'),
('3KYD25BMOB3101135', 'IMPREZA', 2003, 3972, 'drive shaft; high differential; can be used as sports car; ', 'Minivan', 'Subaru'),
('3S8JO5UMV1Y166789', 'CAMARO', 2010, 80787, 'very hard struts; ', 'Convertible', 'Chevrolet'),
('3U3N6HS8K3V143011', 'SIERRA 2500 HD', 2012, 18870, 'crumple zones; ', 'Coupe', 'GMC'),
('3VWJ7G74MRP551283', 'V8 VANTAGE', 2007, 124280, 'check the Monroney sticker - theer is nothing better than this vehicle; ', 'SUV', 'Martin'),
('41AHCTXZIUN699904', 'VANQUISH', 2003, 91080, 'supernew catalytic converter; high torque; small spark plug gap; ', 'Coupe', 'Aston'),
('426W8PU85BH593514', 'IMPREZA', 2011, 52180, 'crankcase; hydraulic brakes; ', 'Sedan', 'Subaru'),
('4G40BAXEV4V936460', 'XTS', 2013, 102825, 'overdrive; ', 'SUV', 'Cadillac'),
('58SXUC0BZIA446980', 'CRF70F', 2008, 161228, 'crankcase; hydraulic brakes; ', 'Truck', 'Honda'),
('5I71MA5PSO0445780', 'GT', 2008, 22908, 'manual transmission; ', 'Truck', 'Romeo'),
('5U2302GFYRL619555', 'ELANTRA', 2010, 165004, '', 'Truck', 'Hyundai'),
('66BVP1UV1VM384215', 'LS600H', 2010, 47550, 'no understeer; detail; ', 'Truck', 'Lexus'),
('6D300ABH65P725391', 'LIBERTY', 2003, 125635, 'high volume cylinder; pickup; ', 'Sedan', 'Jeep'),
('6GHR6AAGP36983674', '3 SPORT', 2013, 4232, 'high quality carburetor; ', 'Van', 'MAZDA'),
('6HKQMAEQ5PA690783', 'PATRIOT', 2011, 29506, 'supernew catalytic converter; ', 'Sedan', 'Jeep'),
('6KSCMBLK5DZ055754', 'IMPREZA', 2002, 27610, 'best radiator; ', 'Convertible', 'Subaru'),
('6PSJQWZYS2J443879', 'XK', 2015, 6828, 'detail; ', 'Minivan', 'Jaguar'),
('73MVKB63GMJ964569', 'GALANT', 2004, 6381, 'best sedan; ', 'SUV', 'Mitsubishi'),
('7A13XEM0IMF171736', 'LOBO', 2013, 66160, 'innovative air bags; front axle assembly; ', 'Van', 'Ford'),
('7F3L3GAY4BB268957', 'CANYON', 2005, 119148, 'good gear; all passive safety features; high quality carburetor; ', 'Sedan', 'GMC'),
('7FT34LPXEKD855738', 'MT55', 2009, 96640, '', 'Coupe', 'Freightliner'),
('7T0CI3XEYJA004139', 'COMPASS', 2019, 21140, 'super new ignition system; ', 'Coupe', 'Jeep'),
('7W7UDF3KP41966929', 'ESCALADE EXT', 2003, 54990, 'great rpms; station wagon (Also known as wagon.); ', 'SUV', 'Cadillac'),
('7Y1EAHONCCS732936', 'CALIBER', 2012, 8247, 'best suspension; ', 'Minivan', 'Dodge'),
('7YCPTKZS5B3163969', 'TRX500FE FOURTRAX FOREMAN 4X4 ES', 2008, 38273, '', 'Convertible', 'Honda'),
('8BPZY476GS8852305', 'MKS', 2015, 21882, '', 'Convertible', 'Lincoln'),
('8C76DYYDYJU989849', 'SRX', 2008, 8910, 'can be used as sports car; ', 'Sedan', 'Cadillac'),
('8CPKHCHU2W7031895', 'FORTWO', 2005, 139625, 'no redline; ', 'Truck', 'smart'),
('8FX05ZAH64B316440', 'AZERA', 2009, 79100, 'wide transaxle; ', 'SUV', 'Hyundai'),
('8HJHTFE0FGU264640', 'MT45', 2006, 28290, 'innovative air bags; ', 'Minivan', 'Freightliner'),
('A1NW00GFYRY803793', 'G35', 2003, 93475, 'great rpms; ', 'Convertible', 'INFINITI'),
('A2YAQD6KDWM503404', 'FORTWO', 2011, 6490, 'detail; ', 'SUV', 'smart'),
('ABCX0O07N6F519334', '575 M MARANELLO', 2005, 107835, 'original equipment manufacturer (OEM) parts; modern dashboard; high torque; ', 'Sedan', 'Ferrari'),
('AFTWPBMU2TA534019', 'ESPRIT', 2004, 67542, 'air filtration system; ', 'Coupe', 'Lotus'),
('AI51SMWRVBH997689', 'MERIVA', 2008, 102980, 'ultra new transmission; ', 'Van', 'Chevrolet'),
('AKHFEO0D1D4893889', 'FE-SP', 2004, 3544, 'wide cam; ', 'Truck', 'Mitsubishi'),
('AN86IKI83LD618280', 'TT', 2001, 23400, 'innovative air bags; automatic valves; ', 'Convertible', 'Audi'),
('ASBUY3C1GYP443816', '3 SPORT', 2010, 5513, 'manual transmission; ', 'Coupe', 'MAZDA'),
('ATWA3W65LU2848535', 'PRIUS V', 2015, 12702, 'hatchback; air filtration system; ', 'Minivan', 'Toyota'),
('AZCPHC4R1RY522608', 'FORTWO', 2007, 130284, '', 'SUV', 'smart'),
('B2JQXKMCCJ3730138', 'CADDY', 2018, 77568, 'automatic torque converter; ', 'Van', 'Volkswagen'),
('B3V53WEVPX7253102', 'ENCLAVE', 2012, 30759, 'best sedan; ', 'Convertible', 'Buick'),
('BHVL8OFSZ0G423785', 'VT1100C SHADOW SPIRIT', 2005, 30246, 'manual transmission; ', 'Convertible', 'Honda'),
('BMMT70O7FLR864961', 'GALLARDO', 2013, 41550, 'sturdy side impact beams; ', 'Sedan', 'Lamborghini'),
('BNWE37HKK6A465562', 'GIULIETTA', 2019, 58848, 'coupe; ', 'Van', 'Romeo'),
('BX1OSN5TZYU191007', 'SONATA', 2010, 23424, 'manual transmission; ', 'Sedan', 'Hyundai'),
('C0VHQRA5CIO857811', 'ARNAGE', 2003, 63870, 'coupe; ', 'SUV', 'Bentley'),
('C1OCSTQ1VP0823459', 'XFR-S', 2017, 104976, 'original equipment manufacturer (OEM) parts; drum brake; convertible; ', 'Minivan', 'Jaguar'),
('C4QIGI5R0PE739600', 'OUTLANDER', 2004, 76236, 'autotachometer; automatic torque converter; ', 'Convertible', 'Mitsubishi'),
('CHA3G8GE21K992177', 'SUBURBAN 1500', 2017, 12174, 'broad wheelbase; crankcase; ', 'Truck', 'Chevrolet'),
('CNXWEAHRICK569430', 'WRANGLER', 2006, 62856, 'four-wheel drive; ', 'Coupe', 'Jeep'),
('CQCKR5VZRWO844951', 'COOPER', 2003, 6276, 'no understeer; ', 'Coupe', 'MINI'),
('E5WGL31NMNQ304399', 'ARNAGE', 2002, 25840, 'engine displacement; ', 'SUV', 'Bentley'),
('E64AFHYM7CM667399', 'AZURE', 2010, 84966, 'front wheel drive; fuel injection; Automotive Service Excellence (ASE); ', 'Convertible', 'Bentley'),
('E8MFMML51CM701156', 'PALIO', 2007, 26844, 'all passive safety features; ', 'Van', 'FIAT'),
('EAJW0OF78HV386515', 'SPRINTER 3500', 2002, 129480, '', 'Coupe', 'Freightliner'),
('EBZZN84J0L1163524', 'RAM 2500 TRUCK', 2003, 19605, 'Automotive Service Excellence (ASE); ', 'Van', 'Dodge'),
('EFUWNBMO3TM316916', 'ELISE', 2011, 158818, 'automatic safety features; ', 'Van', 'Lotus'),
('EMARJQJLUEI221810', 'ARNAGE', 2001, 50919, 'normally aspirated; ', 'Minivan', 'Bentley'),
('ENHQ8WS125F354364', 'TSX', 2010, 4884, 'manual transmission; ', 'Van', 'Acura'),
('EVDJMOIDNRC331823', 'FORFOUR', 2005, 17826, 'all passive safety features; ', 'Coupe', 'smart'),
('F5BABPZQD3I737349', 'ASTRO', 2003, 139336, 'Automotive Service Excellence (ASE); high torque; ', 'Van', 'Chevrolet'),
('F6TVSMY2L2Z886673', 'ML400', 2015, 57190, 'great rpms; hydraulic brakes; ', 'Convertible', 'Mercedes-Benz'),
('FRCY3VYNL42885570', 'GRANSPORT', 2007, 67992, 'superturbocharger; ', 'McLaren', 'Maserati'),
('FWOYW8SJUH7074597', 'SPRINTER 3500', 2003, 58928, 'pickup; ', 'Convertible', 'Freightliner'),
('FZ1HFZ585WR955503', 'AVIATOR', 2004, 99636, 'high quality carburetor; ', 'Minivan', 'Lincoln'),
('G33VJW8N2FY389186', 'B2300', 2001, 4738, 'broad wheelbase; drive shaft; high block; ', 'Minivan', 'MAZDA'),
('GB5EB3AIUD0242483', '760LI', 2014, 42293, 'automatic torque converter; high block; ', 'Coupe', 'BMW'),
('GBA0V3Z00JI851102', 'GRANTURISMO', 2011, 118476, 'autotachometer; modern dashboard; ', 'Van', 'Maserati'),
('GC225MTL5DF831250', 'CAYMAN', 2015, 10299, 'coupe; best suspension; ', 'Sedan', 'Porsche'),
('GKTLIDKGMZ6109105', 'DBS', 2008, 7135, 'good gear; ', 'Minivan', 'Aston'),
('H0SVSC0X1W0660350', 'EXPRESS 4500', 2013, 37800, 'high differential; automatic valves; ', 'Coupe', 'Chevrolet'),
('H130KLLOZLY973998', 'ROADSTER', 2009, 111596, 'rack and pinion steering; ', 'Minivan', 'Tesla'),
('H7PM7E5LCY5894305', 'TT QUATTRO', 2002, 33935, 'unibody construction; ', 'Convertible', 'Audi'),
('I6M6GMQGG7C407268', 'COOPER', 2007, 99910, 'sport utility vehicle-SUV; best sedan; broad wheelbase; ', 'Coupe', 'MINI'),
('I7CVVBU08H1044370', 'EOS', 2008, 49142, 'disc brake; gap; ', 'Sedan', 'Volkswagen'),
('IB3FDW7VPTE357125', 'CALIFORNIA', 2011, 55068, 'disc brake; crankcase; ', 'Van', 'Ferrari'),
('IHCVQSL87UO415387', 'WRX STI', 2015, 189940, 'minivan; unibody construction; ', 'Minivan', 'Subaru'),
('IKUQE1AIER1879688', 'RL', 2002, 57900, 'engine displacement; power train; ', 'Sedan', 'Acura'),
('IOCT8QVK86C997015', 'CONTINENTAL', 2012, 98400, '', 'Minivan', 'Bentley'),
('JAH4TXSVFRZ937654', 'POINTER', 2004, 83052, 'wide transaxle; ', 'Van', 'Volkswagen'),
('JB6TJOH3G13545501', 'INTEGRA', 2001, 2998, 'super new ignition system; ', 'Coupe', 'Acura'),
('JGARQY7YBFD847126', 'SEDAN', 2002, 21752, 'air filtration system; broad wheelbase; ', 'Convertible', 'Volkswagen'),
('JVT2Q6U7HLH559100', 'SPIDER', 2007, 2485, '', 'Van', 'Alfa'),
('JVUFO2OOZH6501609', 'PASSAT', 2017, 33075, 'sturdy rear axle assembly; ', 'Convertible', 'Volkswagen'),
('K23GQ1HYKID336715', 'ARNAGE', 2009, 43530, 'automatic safety features; ', 'Convertible', 'Bentley'),
('K5ZQ65X47KU986899', 'ELDORADO', 2001, 66910, 'minivan; ', 'SUV', 'Cadillac'),
('K6NPKFWC2DG818634', 'TL', 2004, 77212, 'hydraulic brakes; drum brake; ', 'Coupe', 'Acura'),
('KG6S1KYGKY7383089', 'MAXIMA', 2012, 101450, 'gap; ', 'Minivan', 'Nissan'),
('KIYTRMRZHSZ939929', 'GRANSPORT', 2007, 91502, '', 'Truck', 'Maserati'),
('KRDZJUDE7EC973298', 'COUPE', 2003, 32130, 'can be used as sports car; ', 'SUV', 'Maserati'),
('KSC5NS2WX0Q021711', 'G37', 2012, 14726, 'drum brake; ', 'Van', 'INFINITI'),
('L075CLEGAGV332326', 'RX330', 2004, 61175, 'four-wheel drive; drive shaft; ', 'Van', 'Lexus'),
('L2G40AKW0DV261314', 'SONATA', 2003, 4388, 'wide chassis; drum brake; ', 'Coupe', 'Hyundai'),
('L8CKHAJ376Q732997', 'RX400H', 2008, 7152, 'automatic safety features; ', 'Sedan', 'Lexus'),
('LAW66TO51NY340329', 'TRX500FGA FOURTRAX FOREMAN RUBICON', 2008, 129900, 'gap; no backfire/backfiring; ', 'Sedan', 'Honda'),
('LEWHC17RSR2225266', 'MARK LT', 2007, 22948, 'coupe; ', 'Coupe', 'Lincoln'),
('LMC0DXV2F72475134', 'OUTBACK', 2018, 13130, 'best oil pump; ', 'Minivan', 'Subaru'),
('LN7ZMWGACVJ434473', 'SAVANA 3500', 2016, 53772, 'innovative air bags; ', 'Van', 'GMC'),
('LXLYHOV4G1Z722469', 'EXPRESS 3500', 2018, 167240, 'normally aspirated; ', 'SUV', 'Chevrolet'),
('M58W6OQD1J3561088', 'BOXSTER', 2001, 64527, '', 'Truck', 'Porsche'),
('M6J2KWLLUKW587077', 'AZERA', 2011, 73801, '', 'Sedan', 'Hyundai'),
('MBKMABQOONK563483', 'SOUL', 2019, 87548, 'original equipment manufacturer (OEM) parts; ', 'Van', 'Kia'),
('MT0OEZQ7C5Q035531', 'DB9', 2013, 97620, 'front wheel drive; ', 'Coupe', 'Martin'),
('MW6HGX7M6O4186962', 'V8 VANTAGE', 2011, 2092, '', 'Convertible', 'Aston'),
('MW7W375RHHU707116', 'COOPER', 2015, 51504, 'rear wheel drive; ', 'Van', 'MINI'),
('MXF3EGT2PAG490479', 'FORESTER', 2008, 42500, 'good piston; ', 'Coupe', 'Subaru'),
('MYX14D30CZI581341', 'Q5', 2013, 6777, 'check the Monroney sticker - there is nothing better than this vehicle; repair', 'Van', 'Audi'),
('N5VAEVB47M5598208', 'ROADSTER', 2009, 1519, 'anti-lock brake system (ABS); ', 'Minivan', 'Tesla'),
('NNLD761PGMY686484', 'FL80', 2005, 23613, 'hydraulic brakes; good gear; sturdy rear axle assembly; ', 'Minivan', 'Freightliner'),
('NQC3ODNRG8W618383', 'MKS', 2011, 106985, '', 'SUV', 'Lincoln'),
('NVDV1HTYNUU168147', 'R1200CL', 2005, 63324, 'automatic safety features; ', 'Van', 'BMW'),
('OOXPL1JMKRX336822', '612 SCAGLIETTI', 2010, 32888, 'manual transmission; normally aspirated; ', 'Convertible', 'Ferrari'),
('OUIFCWSPPHR650293', 'GENESIS', 2011, 27801, 'modern dashboard; ', 'Convertible', 'Hyundai'),
('OUXQFNQE2K7274854', '740I', 2015, 105308, 'engine displacement; ', 'Sedan', 'BMW'),
('P7UUVOVKPTD080947', 'QUATTROPORTE', 2007, 48335, '', 'SUV', 'Maserati'),
('PC02G0A675B935953', 'CANTER FE180', 2012, 4566, 'detail; ', 'Van', 'Mitsubishi'),
('PEXVHDHEYM7282767', 'DBS', 2009, 44320, 'best radiator; ', 'Truck', 'Aston'),
('PHTKITC5C1H921363', '458 ITALIA', 2012, 85628, 'great engine; ', 'Convertible', 'Ferrari'),
('PUVTYE6IVGN271318', 'DBS', 2011, 78935, 'rear wheel drive; ', 'Convertible', 'Martin'),
('QHUYKEFC12W678012', 'DB9', 2012, 193286, 'power train; ', 'Truck', 'Martin'),
('QNGJBXZ0ZPN690169', 'GENESIS', 2016, 68300, 'sturdy rear axle assembly; moonroof', 'Van', 'Hyundai'),
('R56SEOUUT0R265399', 'MURCIELAGO', 2003, 26791, 'good piston; ', 'Van', 'Lamborghini'),
('RUAW8E8S2SA826885', 'TITAN', 2008, 154050, 'automatic safety features; ', 'Minivan', 'Nissan'),
('RZ64Q4VF3EC682670', 'HIACE', 2011, 143278, 'Comes with a roof rack', 'Convertible', 'Toyota'),
('S7OOZE7TI6U419267', 'FX35', 2012, 136516, 'front axle assembly; active safety features; supernew catalytic converter; ', 'Sedan', 'INFINITI'),
('SEXWGCZNLS4439650', 'BROOKLANDS', 2009, 176955, 'crankcase; ', 'Sedan', 'Bentley'),
('SGEAZM7OHRE981138', 'Q5', 2011, 39759, 'great engine; ', 'SUV', 'Audi'),
('SJV51DZQ416158315', 'PASSAT', 2013, 176770, 'autotachometer;', 'Minivan', 'Volkswagen'),
('SROKG0OMKKQ394333', 'TRACKER', 2002, 32814, 'rack and pinion steering; ', 'Convertible', 'Chevrolet'),
('SWME2EZ3HDD006687', 'SL55 AMG', 2006, 13550, 'great engine; ', 'Minivan', 'Mercedes-Benz'),
('SX73Y7QKKQF628146', 'EOS', 2012, 75560, '', 'Minivan', 'Volkswagen'),
('SZAJTDBI6IL561669', '4C', 2016, 101749, 'original equipment manufacturer (OEM) parts; ', 'Coupe', 'Alfa'),
('T1HO8QC0CE5867880', 'POINTER', 2003, 53997, 'coupe; ', 'Van', 'Volkswagen'),
('TD5OFRN1LC8601752', 'RAM 3500 PICKUP', 2003, 39765, 'oversteer; overdrive; unibody construction; ', 'SUV', 'Dodge'),
('U0PQOVOJXT2453885', 'GHIBLI', 2015, 25746, 'engine displacement; ', 'Coupe', 'Maserati'),
('U3HSV2KCE0Y319532', 'YARIS', 2012, 92019, 'automatic valves; high block; ', 'Sedan', 'Toyota'),
('UEHE08QS622862172', 'PRIUS V', 2013, 20001, 'high torque; ', 'Convertible', 'Toyota'),
('UVVEV0Y7R3V483738', 'OUTLANDER', 2011, 5350, 'automatic transmission; ', 'Sedan', 'Mitsubishi'),
('V4JVFR4YRS7140562', 'GOL SEDAN', 2012, 4266, 'best suspension; ', 'Convertible', 'Volkswagen'),
('VDJS4PZ5A22366162', 'XK8', 2005, 90324, 'high torque; ', 'SUV', 'Jaguar'),
('VP0U4FNOL1Q272112', 'MITO', 2013, 84541, 'manual transmission; ', 'SUV', 'Alfa'),
('VROU7UEWYWK097688', 'ESCALADE EXT', 2008, 19743, 'anti-lock brake system (ABS); ', 'Minivan', 'Cadillac'),
('VSGK3RYW2TC911641', 'S40', 2002, 102289, 'wide cam; ', 'Sedan', 'Volvo'),
('WJENS213H4U188325', 'CAVALIER', 2001, 6605, 'small spark plug gap; ', 'Sedan', 'Chevrolet'),
('WJUY8SU2JR0730363', 'PATRIOT', 2017, 39573, 'no redline; ', 'Minivan', 'Jeep'),
('WMXOWCZE1MO140134', 'ENDEAVOR', 2007, 38615, 'strong muffler; electronic transmission; ', 'SUV', 'Mitsubishi'),
('WN6OY1F26X1741004', 'F430', 2005, 51128, 'original equipment manufacturer (OEM) parts; wide transaxle; convertible; ', 'Coupe', 'Ferrari'),
('WSHBRYQYDCI202435', 'S7', 2014, 19620, 'detail; unibody construction; wide cam; ', 'Van', 'Audi'),
('WSMCQT2QRUX986498', 'MATRIX', 2017, 22538, 'pickup; ', 'Van', 'Toyota'),
('X7PFFGNBSQI524327', 'BOXSTER', 2011, 9388, 'Automotive Service Excellence (ASE); detail; ', 'SUV', 'Porsche'),
('XG2F8AZ3DKK768039', 'FORTE KOUP', 2016, 31600, '', 'Convertible', 'Kia'),
('XK51E6IAGWW949280', 'SOUL', 2010, 17770, 'no backfire/backfiring; ', 'SUV', 'Kia'),
('XLHSC830B4B709486', 'C70', 2010, 10582, 'drum brake; ', 'Convertible', 'Volvo'),
('XOBOW6AU18A917853', 'MARK LT', 2008, 5133, '', 'Van', 'Lincoln'),
('XUV6JR4Q8SX652578', 'Q45', 2004, 27628, 'normally aspirated; ', 'Truck', 'INFINITI'),
('YB3M3MZEQ1J275307', 'SIERRA 1500', 2001, 28814, 'coupe; ', 'Convertible', 'GMC'),
('YR8K00OE58G720472', 'WRANGLER', 2007, 22740, 'fuel injection; ', 'Coupe', 'Jeep'),
('YSPKFT8VKW8617087', 'S2000', 2001, 93559, 'engine displacement; ', 'Convertible', 'Honda'),
('Z0Z206HDHO0103381', 'VERANO', 2013, 141406, 'power train; ', 'Truck', 'Buick'),
('Z4RBIUHHJZS859016', 'FE-HD', 2002, 127020, 'best radiator; ', 'Van', 'Mitsubishi'),
('Z4SH0SHZI01062444', 'ROADSTER', 2009, 140520, 'automatic valves; ', 'Sedan', 'Tesla'),
('Z8UDI7LAGS7164830', 'ST1300', 2004, 167400, 'station wagon (Also known as wagon.); ', 'Truck', 'Honda'),
('ZDIFPMGLJRT329921', 'RDX', 2012, 129628, 'best oil pump; best possible traction; ', 'Minivan', 'Acura'),
('ZDR30CO5D6G733856', 'DUCATO', 2008, 85110, '', 'Truck', 'FIAT'),
('ZIL5XS7BK6F565259', 'CALIFORNIA', 2018, 115032, 'modern dashboard; ', 'Convertible', 'Ferrari'),
('ZIYO5EKWDKS246902', 'V60', 2018, 11515, 'original equipment manufacturer (OEM) parts; ', 'Van', 'Volvo'),
('ZJFVODF6M3T898510', 'BOXSTER', 2016, 73979, 'broad wheelbase; ', 'Minivan', 'Porsche'),
('ZS1M7DGNG0B708125', 'RAM 2500 PICKUP', 2001, 10388, '', 'SUV', 'Dodge'),
('ZS1SXM3GTO8957023', 'ESCALADE EXT', 2007, 11720, 'air filtration system; ', 'Truck', 'Cadillac'),
('ZXZP2ADJFMJ124788', 'COMMANDER', 2009, 2842, '', 'SUV', 'Jeep');

-- --------------------------------------------------------

--
-- Table structure for table `VehicleType`
--

CREATE TABLE `VehicleType` (
  `type_name` varchar(100) COLLATE utf8mb4_unicode_ci NOT NULL
) ENGINE=InnoDB DEFAULT CHARSET=utf8mb4 COLLATE=utf8mb4_unicode_ci;

--
-- Dumping data for table `VehicleType`
--

INSERT INTO `VehicleType` (`type_name`) VALUES
('Convertible'),
('Coupe'),
('McLaren'),
('Minivan'),
('Sedan'),
('SUV'),
('Van');

-- --------------------------------------------------------

--
-- Table structure for table `Vehicle_Color`
--

CREATE TABLE `Vehicle_Color` (
  `VIN` varchar(100) COLLATE utf8mb4_unicode_ci NOT NULL,
  `color` varchar(100) COLLATE utf8mb4_unicode_ci NOT NULL
) ENGINE=InnoDB DEFAULT CHARSET=utf8mb4 COLLATE=utf8mb4_unicode_ci;

--
-- Dumping data for table `Vehicle_Color`
--

INSERT INTO `Vehicle_Color` (`VIN`, `color`) VALUES
('036JZFZ8I3K433701', 'Metallic'),
('05AJ273ZM02946325', 'Navy'),
('05WXEVLB5X8956206', 'White'),
('0HJ3WSLKGZT340626', 'Rose'),
('0KQT4QWDSFO183874', 'Bronze'),
('0OZ6776OUA0065975', 'Bronze;Brown;Gray'),
('0XHRC15HS5V123753', 'Claret'),
('0XJA8OD4GS2220202', 'Black;Gray'),
('0Y8HTOZ7K6L112375', 'Maroon'),
('1D377TZAWSW801985', 'Navy'),
('1D75678DO43448008', 'Orange'),
('1EW5SWZMNBU661507', 'Beige;Claret;Gray'),
('1J1RMS1AO48718511', 'Blue'),
('1MF8O5K3V5X143850', 'Turquoise'),
('1NVXI5JXG3Q330243', 'Tan'),
('1RQR2NON75E373495', 'Cream'),
('1U4MXLVV84A726331', 'Purple'),
('1WU1KQALZ75403546', 'Rose'),
('22420XMJ47N471618', 'White'),
('23XI32P0M0K897737', 'Rose'),
('27J2LRAE38R945176', 'White'),
('2CEDOZQS3WI014174', 'Green'),
('2KANK83IC2A444270', 'Rose'),
('2TN1NJUXESG344969', 'Aluminum'),
('30IT6VOHPTN692600', 'Copper;Gold;Pink'),
('30KBYEYBKH5669910', 'Pink'),
('31ZQB40Z55B784788', 'Beige;Claret;Copper'),
('35TB5QWCJW0515619', 'Pink'),
('38ZSAKVC20U930606', 'Gold'),
('3HWBBE541KJ068668', 'Copper'),
('3KYD25BMOB3101135', 'Maroon'),
('3S8JO5UMV1Y166789', 'Rose'),
('3U3N6HS8K3V143011', 'Aluminum'),
('3VWJ7G74MRP551283', 'Yellow'),
('41AHCTXZIUN699904', 'Green'),
('426W8PU85BH593514', 'Rose'),
('4G40BAXEV4V936460', 'Black'),
('58SXUC0BZIA446980', 'Orange'),
('5I71MA5PSO0445780', 'Blue'),
('5U2302GFYRL619555', 'Silver'),
('66BVP1UV1VM384215', 'Gold'),
('6D300ABH65P725391', 'Purple'),
('6GHR6AAGP36983674', 'Claret'),
('6HKQMAEQ5PA690783', 'Claret;Pink;Purple'),
('6KSCMBLK5DZ055754', 'Green'),
('6PSJQWZYS2J443879', 'Aluminum'),
('73MVKB63GMJ964569', 'Claret'),
('7A13XEM0IMF171736', 'Rust'),
('7F3L3GAY4BB268957', 'Tan'),
('7FT34LPXEKD855738', 'Rose'),
('7T0CI3XEYJA004139', 'Metallic'),
('7W7UDF3KP41966929', 'Blue'),
('7Y1EAHONCCS732936', 'Metallic'),
('7YCPTKZS5B3163969', 'Silver'),
('8BPZY476GS8852305', 'Brown'),
('8C76DYYDYJU989849', 'Red'),
('8CPKHCHU2W7031895', 'Beige'),
('8FX05ZAH64B316440', 'Copper'),
('8HJHTFE0FGU264640', 'Turquoise'),
('A1NW00GFYRY803793', 'Rust'),
('A2YAQD6KDWM503404', 'Metallic'),
('ABCX0O07N6F519334', 'Black'),
('AFTWPBMU2TA534019', 'Navy'),
('AI51SMWRVBH997689', 'Copper'),
('AKHFEO0D1D4893889', 'Silver'),
('AN86IKI83LD618280', 'Brown;Red'),
('ASBUY3C1GYP443816', 'White'),
('ATWA3W65LU2848535', 'Bronze'),
('AZCPHC4R1RY522608', 'Metallic'),
('B2JQXKMCCJ3730138', 'Navy'),
('B3V53WEVPX7253102', 'Aluminum;Claret;Orange'),
('BHVL8OFSZ0G423785', 'Copper'),
('BMMT70O7FLR864961', 'Gray'),
('BNWE37HKK6A465562', 'Bronze;Navy;Purple'),
('BX1OSN5TZYU191007', 'Beige'),
('C0VHQRA5CIO857811', 'Silver'),
('C1OCSTQ1VP0823459', 'Metallic'),
('C4QIGI5R0PE739600', 'Gold'),
('CHA3G8GE21K992177', 'Beige'),
('CNXWEAHRICK569430', 'Blue'),
('CQCKR5VZRWO844951', 'Copper;Metallic;Yellow'),
('E5WGL31NMNQ304399', 'Rust;Turquoise'),
('E64AFHYM7CM667399', 'Gold;Maroon'),
('E8MFMML51CM701156', 'Brown'),
('EAJW0OF78HV386515', 'Orange'),
('EBZZN84J0L1163524', 'Aluminum'),
('EFUWNBMO3TM316916', 'Copper'),
('EMARJQJLUEI221810', 'Blue'),
('ENHQ8WS125F354364', 'White'),
('EVDJMOIDNRC331823', 'Cream'),
('F5BABPZQD3I737349', 'Claret'),
('F6TVSMY2L2Z886673', 'Purple'),
('FRCY3VYNL42885570', 'Metallic'),
('FWOYW8SJUH7074597', 'Maroon'),
('FZ1HFZ585WR955503', 'Aluminum'),
('G33VJW8N2FY389186', 'Red'),
('GB5EB3AIUD0242483', 'Rust'),
('GBA0V3Z00JI851102', 'Brown'),
('GC225MTL5DF831250', 'Blue'),
('GKTLIDKGMZ6109105', 'Cream;Green;White'),
('H0SVSC0X1W0660350', 'Black;Gray'),
('H130KLLOZLY973998', 'Rust'),
('H7PM7E5LCY5894305', 'Rose;Rust;Turquoise'),
('I6M6GMQGG7C407268', 'Turquoise'),
('I7CVVBU08H1044370', 'Cream'),
('IB3FDW7VPTE357125', 'Purple'),
('IHCVQSL87UO415387', 'Metallic'),
('IKUQE1AIER1879688', 'Maroon'),
('IOCT8QVK86C997015', 'Copper'),
('JAH4TXSVFRZ937654', 'White'),
('JB6TJOH3G13545501', 'Navy'),
('JGARQY7YBFD847126', 'Pink'),
('JVT2Q6U7HLH559100', 'Metallic'),
('JVUFO2OOZH6501609', 'Gold;Pink;Silver'),
('K23GQ1HYKID336715', 'Brown;Navy'),
('K5ZQ65X47KU986899', 'Turquoise'),
('K6NPKFWC2DG818634', 'Green'),
('KG6S1KYGKY7383089', 'Black'),
('KIYTRMRZHSZ939929', 'Beige'),
('KRDZJUDE7EC973298', 'Gray;Maroon'),
('KSC5NS2WX0Q021711', 'Navy'),
('L075CLEGAGV332326', 'Turquoise'),
('L2G40AKW0DV261314', 'Pink'),
('L8CKHAJ376Q732997', 'Blue'),
('LAW66TO51NY340329', 'Turquoise'),
('LEWHC17RSR2225266', 'Brown'),
('LMC0DXV2F72475134', 'Brown'),
('LN7ZMWGACVJ434473', 'Turquoise'),
('LXLYHOV4G1Z722469', 'Black;Orange'),
('M58W6OQD1J3561088', 'Purple'),
('M6J2KWLLUKW587077', 'Turquoise'),
('MBKMABQOONK563483', 'Tan'),
('MT0OEZQ7C5Q035531', 'Red'),
('MW6HGX7M6O4186962', 'Beige;Pink;White'),
('MW7W375RHHU707116', 'Aluminum'),
('MXF3EGT2PAG490479', 'Orange'),
('MYX14D30CZI581341', 'Pink'),
('N5VAEVB47M5598208', 'Rose'),
('NNLD761PGMY686484', 'Gray'),
('NQC3ODNRG8W618383', 'Copper'),
('NVDV1HTYNUU168147', 'Yellow'),
('OOXPL1JMKRX336822', 'Rust'),
('OUIFCWSPPHR650293', 'Beige;Red;Silver'),
('OUXQFNQE2K7274854', 'Pink'),
('P7UUVOVKPTD080947', 'Orange'),
('PC02G0A675B935953', 'Turquoise'),
('PEXVHDHEYM7282767', 'Brown'),
('PHTKITC5C1H921363', 'Tan'),
('PUVTYE6IVGN271318', 'White'),
('QHUYKEFC12W678012', 'Black'),
('QNGJBXZ0ZPN690169', 'Bronze'),
('R56SEOUUT0R265399', 'Yellow'),
('RUAW8E8S2SA826885', 'Rose'),
('RZ64Q4VF3EC682670', 'Aluminum;Cream;Rust'),
('S7OOZE7TI6U419267', 'Claret;Gold'),
('SEXWGCZNLS4439650', 'Beige;Gold;Tan'),
('SGEAZM7OHRE981138', 'Metallic'),
('SJV51DZQ416158315', 'Bronze'),
('SROKG0OMKKQ394333', 'Green'),
('SWME2EZ3HDD006687', 'Brown'),
('SX73Y7QKKQF628146', 'Maroon'),
('SZAJTDBI6IL561669', 'Claret'),
('T1HO8QC0CE5867880', 'White'),
('TD5OFRN1LC8601752', 'Gray'),
('U0PQOVOJXT2453885', 'Copper'),
('U3HSV2KCE0Y319532', 'Bronze'),
('UEHE08QS622862172', 'White'),
('UVVEV0Y7R3V483738', 'Beige'),
('V4JVFR4YRS7140562', 'Green'),
('VDJS4PZ5A22366162', 'Claret;Turquoise'),
('VP0U4FNOL1Q272112', 'Orange'),
('VROU7UEWYWK097688', 'Maroon'),
('VSGK3RYW2TC911641', 'Red'),
('WJENS213H4U188325', 'Claret'),
('WJUY8SU2JR0730363', 'Maroon'),
('WMXOWCZE1MO140134', 'Orange'),
('WN6OY1F26X1741004', 'Cream'),
('WSHBRYQYDCI202435', 'Rust'),
('WSMCQT2QRUX986498', 'Aluminum'),
('X7PFFGNBSQI524327', 'Red'),
('XG2F8AZ3DKK768039', 'Metallic;Navy;Rose'),
('XK51E6IAGWW949280', 'Tan'),
('XLHSC830B4B709486', 'Purple'),
('XOBOW6AU18A917853', 'Yellow'),
('XUV6JR4Q8SX652578', 'Brown'),
('YB3M3MZEQ1J275307', 'Silver'),
('YR8K00OE58G720472', 'Purple'),
('YSPKFT8VKW8617087', 'Copper'),
('Z0Z206HDHO0103381', 'Metallic'),
('Z4RBIUHHJZS859016', 'Metallic'),
('Z4SH0SHZI01062444', 'Rose'),
('Z8UDI7LAGS7164830', 'Aluminum'),
('ZDIFPMGLJRT329921', 'Rust'),
('ZDR30CO5D6G733856', 'Gold;Pink;Silver'),
('ZIL5XS7BK6F565259', 'Metallic'),
('ZIYO5EKWDKS246902', 'Maroon'),
('ZJFVODF6M3T898510', 'Brown'),
('ZS1M7DGNG0B708125', 'Blue'),
('ZS1SXM3GTO8957023', 'Pink'),
('ZXZP2ADJFMJ124788', 'Bronze');

-- --------------------------------------------------------

--
-- Table structure for table `Vehicle_types`
--

CREATE TABLE `Vehicle_types` (
  `type` varchar(100) COLLATE utf8mb4_unicode_ci DEFAULT NULL
) ENGINE=InnoDB DEFAULT CHARSET=utf8mb4 COLLATE=utf8mb4_unicode_ci;

-- --------------------------------------------------------

--
-- Table structure for table `Vendor`
--

CREATE TABLE `Vendor` (
  `vendor_name` varchar(100) COLLATE utf8mb4_unicode_ci NOT NULL,
  `vendor_phone` varchar(100) COLLATE utf8mb4_unicode_ci NOT NULL,
  `street` varchar(100) COLLATE utf8mb4_unicode_ci NOT NULL,
  `city` varchar(100) COLLATE utf8mb4_unicode_ci NOT NULL,
  `state` varchar(100) COLLATE utf8mb4_unicode_ci NOT NULL,
  `postal_code` varchar(100) COLLATE utf8mb4_unicode_ci NOT NULL
) ENGINE=InnoDB DEFAULT CHARSET=utf8mb4 COLLATE=utf8mb4_unicode_ci;

--
-- Dumping data for table `Vendor`
--

INSERT INTO `Vendor` (`vendor_name`, `vendor_phone`, `street`, `city`, `state`, `postal_code`) VALUES
('Cancity', '4137272403', '445 10-street', 'Dallas', 'TX', '44164'),
('Fasehatice', '158952124', '2139 14-street', 'Chandler', 'TX', '62809'),
('Newex', '3321611463', '6781 14-street', 'Durham', 'WI', '50395'),
('Rundofase', '6976505267', '175 12-street', 'Seattle', 'WA', '8511'),
('Toughzap', '4602643035', '6477 19-street', 'Bakersfield', 'FL', '28366'),
('Zencorporation', '1034092507', '6712 7-street', 'Jacksonville', 'FL', '73886'),
('Zoomit', '8570724614', '7392 11-street', 'Norfolk', 'NC', '72802'),
('Zumgoity', '3587340254', '5992 11-street', 'Stockton', 'OH', '46220');

--
-- Indexes for dumped tables
--

--
-- Indexes for table `Business`
--
ALTER TABLE `Business`
  ADD PRIMARY KEY (`TIN`),
  ADD KEY `customerID` (`customerID`);

--
-- Indexes for table `Customer`
--
ALTER TABLE `Customer`
  ADD PRIMARY KEY (`customerID`);

--
-- Indexes for table `Determine`
--
ALTER TABLE `Determine`
  ADD PRIMARY KEY (`repairID`),
  ADD KEY `VIN` (`VIN`),
  ADD KEY `inventory_clerk_username` (`inventory_clerk_username`);

--
-- Indexes for table `Individual`
--
ALTER TABLE `Individual`
  ADD PRIMARY KEY (`driver_license`),
  ADD KEY `customerID` (`customerID`);

--
-- Indexes for table `InventoryClerk`
--
ALTER TABLE `InventoryClerk`
  ADD PRIMARY KEY (`username`);

--
-- Indexes for table `InventoryVehicle`
--
ALTER TABLE `InventoryVehicle`
  ADD PRIMARY KEY (`VIN`),
  ADD KEY `inventory_clerk_username` (`inventory_clerk_username`),
  ADD KEY `repair_vehicle_VIN` (`repair_vehicle_VIN`);

--
-- Indexes for table `Manager`
--
ALTER TABLE `Manager`
  ADD PRIMARY KEY (`username`);

--
-- Indexes for table `Manufacturer`
--
ALTER TABLE `Manufacturer`
  ADD PRIMARY KEY (`manu_name`);

--
-- Indexes for table `P_Transaction`
--
ALTER TABLE `P_Transaction`
  ADD PRIMARY KEY (`purchase_date`,`VIN`,`customerID`),
  ADD KEY `customerID` (`customerID`),
  ADD KEY `inventory_clerk_username` (`inventory_clerk_username`),
  ADD KEY `VIN` (`VIN`);

--
-- Indexes for table `Quotes`
--
ALTER TABLE `Quotes`
  ADD PRIMARY KEY (`vendor_name`,`repairID`),
  ADD KEY `vendor_name` (`vendor_name`),
  ADD KEY `repairID` (`repairID`),
  ADD KEY `inventory_clerk_username` (`inventory_clerk_username`);

--
-- Indexes for table `Recall`
--
ALTER TABLE `Recall`
  ADD PRIMARY KEY (`NHTSA_recall_number`),
  ADD KEY `manu_name` (`manu_name`);

--
-- Indexes for table `Repairs`
--
ALTER TABLE `Repairs`
  ADD PRIMARY KEY (`repairID`),
  ADD KEY `repairID` (`repairID`),
  ADD KEY `NHTSA_recall_number` (`NHTSA_recall_number`),
  ADD KEY `vendor_name` (`vendor_name`);

--
-- Indexes for table `RepairVehicle`
--
ALTER TABLE `RepairVehicle`
  ADD PRIMARY KEY (`VIN`),
  ADD KEY `VIN` (`VIN`);

--
-- Indexes for table `SalesPeople`
--
ALTER TABLE `SalesPeople`
  ADD PRIMARY KEY (`username`);

--
-- Indexes for table `SalesTransaction`
--
ALTER TABLE `SalesTransaction`
  ADD PRIMARY KEY (`sales_date`,`VIN`,`customerID`),
  ADD KEY `customerID` (`customerID`),
  ADD KEY `salespeople_username` (`salespeople_username`),
  ADD KEY `VIN` (`VIN`);

--
-- Indexes for table `Users`
--
ALTER TABLE `Users`
  ADD PRIMARY KEY (`username`);

--
-- Indexes for table `Vehicle`
--
ALTER TABLE `Vehicle`
  ADD PRIMARY KEY (`VIN`);

--
-- Indexes for table `VehicleType`
--
ALTER TABLE `VehicleType`
  ADD PRIMARY KEY (`type_name`);

--
-- Indexes for table `Vehicle_Color`
--
ALTER TABLE `Vehicle_Color`
  ADD PRIMARY KEY (`VIN`,`color`);

--
-- Indexes for table `Vendor`
--
ALTER TABLE `Vendor`
  ADD PRIMARY KEY (`vendor_name`);

--
-- AUTO_INCREMENT for dumped tables
--

--
-- AUTO_INCREMENT for table `Customer`
--
ALTER TABLE `Customer`
  MODIFY `customerID` int(16) UNSIGNED NOT NULL AUTO_INCREMENT, AUTO_INCREMENT=166;

--
-- AUTO_INCREMENT for table `Determine`
--
ALTER TABLE `Determine`
  MODIFY `repairID` int(16) UNSIGNED NOT NULL AUTO_INCREMENT, AUTO_INCREMENT=820;

--
-- Constraints for dumped tables
--

--
-- Constraints for table `Business`
--
ALTER TABLE `Business`
  ADD CONSTRAINT `fk_Business_customerID_Customer_customerID` FOREIGN KEY (`customerID`) REFERENCES `Customer` (`customerID`);

--
-- Constraints for table `Determine`
--
ALTER TABLE `Determine`
  ADD CONSTRAINT `fk_Determine_VIN_RepairVehicle_VIN` FOREIGN KEY (`VIN`) REFERENCES `RepairVehicle` (`VIN`) ON DELETE CASCADE ON UPDATE CASCADE,
  ADD CONSTRAINT `fk_Determine_inventory_clerk_username_InventoryClerk_username` FOREIGN KEY (`inventory_clerk_username`) REFERENCES `InventoryClerk` (`username`) ON DELETE CASCADE ON UPDATE CASCADE;

--
-- Constraints for table `Individual`
--
ALTER TABLE `Individual`
  ADD CONSTRAINT `fk_Individual_customerID_Customer_customerID` FOREIGN KEY (`customerID`) REFERENCES `Customer` (`customerID`);

--
-- Constraints for table `InventoryClerk`
--
ALTER TABLE `InventoryClerk`
  ADD CONSTRAINT `fk_InventoryClerk_username_Users_username` FOREIGN KEY (`username`) REFERENCES `Users` (`username`);

--
-- Constraints for table `InventoryVehicle`
--
ALTER TABLE `InventoryVehicle`
  ADD CONSTRAINT `fk_InventoryVehicle_username_InventoryClerk_username` FOREIGN KEY (`inventory_clerk_username`) REFERENCES `InventoryClerk` (`username`);

--
-- Constraints for table `Manager`
--
ALTER TABLE `Manager`
  ADD CONSTRAINT `fk_Manager_username_Users_username` FOREIGN KEY (`username`) REFERENCES `Users` (`username`);

--
-- Constraints for table `P_Transaction`
--
ALTER TABLE `P_Transaction`
  ADD CONSTRAINT `fk_P_Transaction_VIN_Vehicle_VIN` FOREIGN KEY (`VIN`) REFERENCES `Vehicle` (`VIN`) ON DELETE CASCADE ON UPDATE CASCADE,
  ADD CONSTRAINT `fk_P_Transaction_customerID_Customer_customerID` FOREIGN KEY (`customerID`) REFERENCES `Customer` (`customerID`) ON DELETE CASCADE ON UPDATE CASCADE,
  ADD CONSTRAINT `fk_P_Transaction_username_InventoryClerk_username` FOREIGN KEY (`inventory_clerk_username`) REFERENCES `InventoryClerk` (`username`) ON DELETE CASCADE ON UPDATE CASCADE;

--
-- Constraints for table `Quotes`
--
ALTER TABLE `Quotes`
  ADD CONSTRAINT `fk_Quote_inventory_clerk_username_InventoryClerk_username` FOREIGN KEY (`inventory_clerk_username`) REFERENCES `InventoryClerk` (`username`),
  ADD CONSTRAINT `fk_Quote_repairID_Determine_repairID` FOREIGN KEY (`repairID`) REFERENCES `Determine` (`repairID`),
  ADD CONSTRAINT `fk_Quote_vendor_name_Vendor_vendor_name` FOREIGN KEY (`vendor_name`) REFERENCES `Vendor` (`vendor_name`);

--
-- Constraints for table `Recall`
--
ALTER TABLE `Recall`
  ADD CONSTRAINT `fk_Recall_manu_name_Manufacturer_manu_name` FOREIGN KEY (`manu_name`) REFERENCES `Manufacturer` (`manu_name`);

--
-- Constraints for table `Repairs`
--
ALTER TABLE `Repairs`
  ADD CONSTRAINT `fk_Repairs_NHTSA_recall_number_Recall_NHTSA_recall_number` FOREIGN KEY (`NHTSA_recall_number`) REFERENCES `Recall` (`NHTSA_recall_number`) ON DELETE CASCADE ON UPDATE CASCADE,
  ADD CONSTRAINT `fk_Repairs_repairID_Determine_repairID` FOREIGN KEY (`repairID`) REFERENCES `Determine` (`repairID`) ON DELETE CASCADE ON UPDATE CASCADE,
  ADD CONSTRAINT `fk_Repairs_vendor_name_Vendor_vendor_name` FOREIGN KEY (`vendor_name`) REFERENCES `Vendor` (`vendor_name`) ON DELETE CASCADE ON UPDATE CASCADE;

--
-- Constraints for table `RepairVehicle`
--
ALTER TABLE `RepairVehicle`
  ADD CONSTRAINT `fk_RepairVehicle_VIN_Vehicle_VIN` FOREIGN KEY (`VIN`) REFERENCES `Vehicle` (`VIN`);

--
-- Constraints for table `SalesPeople`
--
ALTER TABLE `SalesPeople`
  ADD CONSTRAINT `fk_SalesPeople_username_Users_username` FOREIGN KEY (`username`) REFERENCES `Users` (`username`);

--
-- Constraints for table `SalesTransaction`
--
ALTER TABLE `SalesTransaction`
  ADD CONSTRAINT `fk_SalesTransaction_VIN_InventoryVehicle_VIN` FOREIGN KEY (`VIN`) REFERENCES `InventoryVehicle` (`VIN`) ON DELETE CASCADE ON UPDATE CASCADE,
  ADD CONSTRAINT `fk_SalesTransaction_customerID_Customer_customerID` FOREIGN KEY (`customerID`) REFERENCES `Customer` (`customerID`) ON DELETE CASCADE ON UPDATE CASCADE,
  ADD CONSTRAINT `fk_SalesTransaction_salespeople_username_SalesPeople_username` FOREIGN KEY (`salespeople_username`) REFERENCES `SalesPeople` (`username`) ON DELETE CASCADE ON UPDATE CASCADE;

--
-- Constraints for table `Vehicle_Color`
--
ALTER TABLE `Vehicle_Color`
  ADD CONSTRAINT `fk_Vehicle_Color_VIN_Vehicle_VIN` FOREIGN KEY (`VIN`) REFERENCES `Vehicle` (`VIN`);
COMMIT;

/*!40101 SET CHARACTER_SET_CLIENT=@OLD_CHARACTER_SET_CLIENT */;
/*!40101 SET CHARACTER_SET_RESULTS=@OLD_CHARACTER_SET_RESULTS */;
/*!40101 SET COLLATION_CONNECTION=@OLD_COLLATION_CONNECTION */;
