1,VROU7UEWYWK097688,user02
2,VROU7UEWYWK097688,user02
3,H7PM7E5LCY5894305,user02
4,SGEAZM7OHRE981138,user02
5,VROU7UEWYWK097688,user02
6,L2G40AKW0DV261314,user02
7,VROU7UEWYWK097688,user02
8,ZIYO5EKWDKS246902,user02
9,VROU7UEWYWK097688,user02
10,EAJW0OF78HV386515,user02
11,QNGJBXZ0ZPN690169,user02
12,VROU7UEWYWK097688,user02
13,C1OCSTQ1VP0823459,user02
14,EAJW0OF78HV386515,user02
15,2CEDOZQS3WI014174,user02
16,AKHFEO0D1D4893889,user02
17,7Y1EAHONCCS732936,user02
18,RZ64Q4VF3EC682670,user02
19,AKHFEO0D1D4893889,user02
20,6HKQMAEQ5PA690783,user02
21,EAJW0OF78HV386515,user02
22,RZ64Q4VF3EC682670,user02
23,C1OCSTQ1VP0823459,user02
24,AKHFEO0D1D4893889,user02
25,EAJW0OF78HV386515,user02
26,GB5EB3AIUD0242483,user02
27,MW6HGX7M6O4186962,user02
28,XK51E6IAGWW949280,user02
29,L2G40AKW0DV261314,user02
30,EMARJQJLUEI221810,user02
31,VSGK3RYW2TC911641,user02
32,I7CVVBU08H1044370,user02
33,8HJHTFE0FGU264640,user02
34,UEHE08QS622862172,user02
35,AKHFEO0D1D4893889,user02
36,IB3FDW7VPTE357125,user02
37,C1OCSTQ1VP0823459,user02
38,QNGJBXZ0ZPN690169,user02
39,ZIYO5EKWDKS246902,user02
40,AKHFEO0D1D4893889,user02
41,QNGJBXZ0ZPN690169,user02
42,ZS1SXM3GTO8957023,user02
43,MW6HGX7M6O4186962,user02
44,AKHFEO0D1D4893889,user02
45,IB3FDW7VPTE357125,user02
46,1D377TZAWSW801985,user02
47,H0SVSC0X1W0660350,user02
48,MW6HGX7M6O4186962,user02
49,ZS1SXM3GTO8957023,user02
50,ZS1SXM3GTO8957023,user02
51,23XI32P0M0K897737,user02
52,SGEAZM7OHRE981138,user02
53,C1OCSTQ1VP0823459,user02
54,EMARJQJLUEI221810,user02
55,AI51SMWRVBH997689,user02
56,XLHSC830B4B709486,user02
57,XG2F8AZ3DKK768039,user02
58,2KANK83IC2A444270,user02
59,38ZSAKVC20U930606,user02
60,7FT34LPXEKD855738,user02
61,XOBOW6AU18A917853,user02
62,2KANK83IC2A444270,user02
63,E64AFHYM7CM667399,user02
64,22420XMJ47N471618,user02
65,H0SVSC0X1W0660350,user02
66,MW6HGX7M6O4186962,user02
67,EFUWNBMO3TM316916,user02
68,SX73Y7QKKQF628146,user02
69,1EW5SWZMNBU661507,user02
70,WJENS213H4U188325,user02
71,VP0U4FNOL1Q272112,user02
72,2TN1NJUXESG344969,user02
73,KIYTRMRZHSZ939929,user02
74,EFUWNBMO3TM316916,user02
75,H0SVSC0X1W0660350,user02
76,XUV6JR4Q8SX652578,user02
77,H0SVSC0X1W0660350,user02
78,SX73Y7QKKQF628146,user02
79,MW6HGX7M6O4186962,user02
80,ZS1SXM3GTO8957023,user02
81,V4JVFR4YRS7140562,user02
82,BNWE37HKK6A465562,user02
83,ZIYO5EKWDKS246902,user02
84,LAW66TO51NY340329,user02
85,E64AFHYM7CM667399,user02
86,426W8PU85BH593514,user02
87,XOBOW6AU18A917853,user02
88,IOCT8QVK86C997015,user02
89,SX73Y7QKKQF628146,user02
90,EFUWNBMO3TM316916,user02
91,QNGJBXZ0ZPN690169,user02
92,AI51SMWRVBH997689,user02
93,SX73Y7QKKQF628146,user02
94,JVUFO2OOZH6501609,user02
95,ZS1SXM3GTO8957023,user02
96,MW6HGX7M6O4186962,user02
97,7Y1EAHONCCS732936,user02
98,2TN1NJUXESG344969,user02
99,XK51E6IAGWW949280,user02
100,ZS1SXM3GTO8957023,user02
101,2KANK83IC2A444270,user02
102,H0SVSC0X1W0660350,user02
103,SX73Y7QKKQF628146,user02
104,XLHSC830B4B709486,user02
105,VP0U4FNOL1Q272112,user02
106,EFUWNBMO3TM316916,user02
107,IB3FDW7VPTE357125,user02
108,1D377TZAWSW801985,user02
109,426W8PU85BH593514,user02
110,K23GQ1HYKID336715,user02
111,1RQR2NON75E373495,user02
112,7FT34LPXEKD855738,user02
113,CHA3G8GE21K992177,user02
114,VP0U4FNOL1Q272112,user02
115,XUV6JR4Q8SX652578,user02
116,L2G40AKW0DV261314,user02
117,XG2F8AZ3DKK768039,user02
118,E64AFHYM7CM667399,user02
119,X7PFFGNBSQI524327,user02
120,SX73Y7QKKQF628146,user02
121,LAW66TO51NY340329,user02
122,6HKQMAEQ5PA690783,user02
123,IB3FDW7VPTE357125,user02
124,SX73Y7QKKQF628146,user02
125,MW6HGX7M6O4186962,user02
126,XOBOW6AU18A917853,user02
127,VP0U4FNOL1Q272112,user02
128,IB3FDW7VPTE357125,user02
129,XLHSC830B4B709486,user02
130,H0SVSC0X1W0660350,user02
131,VSGK3RYW2TC911641,user02
132,6HKQMAEQ5PA690783,user02
133,7FT34LPXEKD855738,user02
134,EBZZN84J0L1163524,user02
135,6D300ABH65P725391,user02
136,OOXPL1JMKRX336822,user02
137,XLHSC830B4B709486,user02
138,LAW66TO51NY340329,user02
139,X7PFFGNBSQI524327,user02
140,1WU1KQALZ75403546,user02
141,SGEAZM7OHRE981138,user02
142,IB3FDW7VPTE357125,user02
143,K23GQ1HYKID336715,user02
144,Z4RBIUHHJZS859016,user02
145,GC225MTL5DF831250,user02
146,X7PFFGNBSQI524327,user02
147,LMC0DXV2F72475134,user02
148,LAW66TO51NY340329,user02
149,H0SVSC0X1W0660350,user02
150,ZIYO5EKWDKS246902,user02
151,VP0U4FNOL1Q272112,user02
152,X7PFFGNBSQI524327,user02
153,2TN1NJUXESG344969,user02
154,SGEAZM7OHRE981138,user02
155,GKTLIDKGMZ6109105,user02
156,QNGJBXZ0ZPN690169,user02
157,L2G40AKW0DV261314,user02
158,31ZQB40Z55B784788,user02
159,OOXPL1JMKRX336822,user02
160,7FT34LPXEKD855738,user02
161,VSGK3RYW2TC911641,user02
162,3U3N6HS8K3V143011,user02
163,NNLD761PGMY686484,user02
164,7FT34LPXEKD855738,user02
165,LAW66TO51NY340329,user02
166,XG2F8AZ3DKK768039,user02
167,E64AFHYM7CM667399,user02
168,WJUY8SU2JR0730363,user02
169,NNLD761PGMY686484,user02
170,CQCKR5VZRWO844951,user02
171,SJV51DZQ416158315,user02
172,MXF3EGT2PAG490479,user02
173,NNLD761PGMY686484,user02
174,VP0U4FNOL1Q272112,user02
175,XUV6JR4Q8SX652578,user02
176,38ZSAKVC20U930606,user02
177,CQCKR5VZRWO844951,user02
178,426W8PU85BH593514,user02
179,6D300ABH65P725391,user02
180,K23GQ1HYKID336715,user02
181,XK51E6IAGWW949280,user02
182,LAW66TO51NY340329,user02
183,XLHSC830B4B709486,user02
184,XG2F8AZ3DKK768039,user02
185,CQCKR5VZRWO844951,user02
186,LAW66TO51NY340329,user02
187,V4JVFR4YRS7140562,user02
188,8FX05ZAH64B316440,user02
189,NNLD761PGMY686484,user02
190,CNXWEAHRICK569430,user02
191,IOCT8QVK86C997015,user02
192,0HJ3WSLKGZT340626,user02
193,VSGK3RYW2TC911641,user02
194,41AHCTXZIUN699904,user02
195,05AJ273ZM02946325,user02
196,IB3FDW7VPTE357125,user02
197,GC225MTL5DF831250,user02
198,WJENS213H4U188325,user02
199,IKUQE1AIER1879688,user02
200,WJUY8SU2JR0730363,user02
201,CQCKR5VZRWO844951,user02
202,GC225MTL5DF831250,user02
203,7FT34LPXEKD855738,user02
204,3U3N6HS8K3V143011,user02
205,K23GQ1HYKID336715,user02
206,LAW66TO51NY340329,user02
207,XLHSC830B4B709486,user02
208,NNLD761PGMY686484,user02
209,0HJ3WSLKGZT340626,user02
210,CQCKR5VZRWO844951,user02
211,K23GQ1HYKID336715,user02
212,NNLD761PGMY686484,user02
213,5I71MA5PSO0445780,user02
214,31ZQB40Z55B784788,user02
215,XLHSC830B4B709486,user02
216,YSPKFT8VKW8617087,user02
217,AZCPHC4R1RY522608,user02
218,8HJHTFE0FGU264640,user02
219,CQCKR5VZRWO844951,user02
220,2TN1NJUXESG344969,user02
221,0HJ3WSLKGZT340626,user02
222,8BPZY476GS8852305,user02
223,38ZSAKVC20U930606,user02
224,IKUQE1AIER1879688,user02
225,VP0U4FNOL1Q272112,user02
226,OOXPL1JMKRX336822,user02
227,MXF3EGT2PAG490479,user02
228,31ZQB40Z55B784788,user02
229,I6M6GMQGG7C407268,user02
230,7FT34LPXEKD855738,user02
231,VSGK3RYW2TC911641,user02
232,I6M6GMQGG7C407268,user02
233,426W8PU85BH593514,user02
234,GC225MTL5DF831250,user02
235,B3V53WEVPX7253102,user02
236,XK51E6IAGWW949280,user02
237,AFTWPBMU2TA534019,user02
238,B2JQXKMCCJ3730138,user02
239,WJUY8SU2JR0730363,user02
240,ABCX0O07N6F519334,user02
241,WN6OY1F26X1741004,user02
242,1U4MXLVV84A726331,user02
243,ATWA3W65LU2848535,user02
244,4G40BAXEV4V936460,user02
245,WMXOWCZE1MO140134,user02
246,58SXUC0BZIA446980,user02
247,K23GQ1HYKID336715,user02
248,I6M6GMQGG7C407268,user02
249,VSGK3RYW2TC911641,user02
250,2TN1NJUXESG344969,user02
251,4G40BAXEV4V936460,user02
252,31ZQB40Z55B784788,user02
253,7W7UDF3KP41966929,user02
254,05WXEVLB5X8956206,user02
255,ZIYO5EKWDKS246902,user02
256,4G40BAXEV4V936460,user02
257,IKUQE1AIER1879688,user02
258,B2JQXKMCCJ3730138,user02
259,WJUY8SU2JR0730363,user02
260,AI51SMWRVBH997689,user02
261,Z8UDI7LAGS7164830,user02
262,A1NW00GFYRY803793,user02
263,31ZQB40Z55B784788,user02
264,B2JQXKMCCJ3730138,user02
265,IKUQE1AIER1879688,user02
266,VP0U4FNOL1Q272112,user02
267,35TB5QWCJW0515619,user02
268,NQC3ODNRG8W618383,user02
269,IKUQE1AIER1879688,user02
270,8BPZY476GS8852305,user02
271,BX1OSN5TZYU191007,user02
272,GBA0V3Z00JI851102,user02
273,4G40BAXEV4V936460,user02
274,ENHQ8WS125F354364,user02
275,A1NW00GFYRY803793,user02
276,ZIL5XS7BK6F565259,user02
277,3U3N6HS8K3V143011,user02
278,K23GQ1HYKID336715,user02
279,7Y1EAHONCCS732936,user02
280,BX1OSN5TZYU191007,user02
281,1U4MXLVV84A726331,user02
282,CHA3G8GE21K992177,user02
283,1D377TZAWSW801985,user02
284,SEXWGCZNLS4439650,user02
285,5I71MA5PSO0445780,user02
286,BX1OSN5TZYU191007,user02
287,4G40BAXEV4V936460,user02
288,LXLYHOV4G1Z722469,user02
289,L2G40AKW0DV261314,user02
290,VP0U4FNOL1Q272112,user02
291,U0PQOVOJXT2453885,user02
292,38ZSAKVC20U930606,user02
293,IKUQE1AIER1879688,user02
294,LXLYHOV4G1Z722469,user02
295,BX1OSN5TZYU191007,user02
296,L8CKHAJ376Q732997,user02
297,ZIL5XS7BK6F565259,user02
298,XUV6JR4Q8SX652578,user02
299,LXLYHOV4G1Z722469,user02
300,ZIL5XS7BK6F565259,user02
301,0XHRC15HS5V123753,user02
302,BX1OSN5TZYU191007,user02
303,EBZZN84J0L1163524,user02
304,L8CKHAJ376Q732997,user02
305,8C76DYYDYJU989849,user02
306,GBA0V3Z00JI851102,user02
307,K23GQ1HYKID336715,user02
308,L8CKHAJ376Q732997,user02
309,LXLYHOV4G1Z722469,user02
310,SJV51DZQ416158315,user02
311,35TB5QWCJW0515619,user02
312,Z8UDI7LAGS7164830,user02
313,4G40BAXEV4V936460,user02
314,Z0Z206HDHO0103381,user02
315,1U4MXLVV84A726331,user02
316,8FX05ZAH64B316440,user02
317,U0PQOVOJXT2453885,user02
318,7YCPTKZS5B3163969,user02
319,L8CKHAJ376Q732997,user02
320,BX1OSN5TZYU191007,user02
321,PEXVHDHEYM7282767,user02
322,U0PQOVOJXT2453885,user02
323,Z0Z206HDHO0103381,user02
324,MXF3EGT2PAG490479,user02
325,4G40BAXEV4V936460,user02
326,ZIYO5EKWDKS246902,user02
327,IOCT8QVK86C997015,user02
328,U0PQOVOJXT2453885,user02
329,AFTWPBMU2TA534019,user02
330,35TB5QWCJW0515619,user02
331,EBZZN84J0L1163524,user02
332,PEXVHDHEYM7282767,user02
333,XUV6JR4Q8SX652578,user02
334,IKUQE1AIER1879688,user02
335,SEXWGCZNLS4439650,user02
336,1U4MXLVV84A726331,user02
337,K5ZQ65X47KU986899,user02
338,7YCPTKZS5B3163969,user02
339,41AHCTXZIUN699904,user02
340,MT0OEZQ7C5Q035531,user02
341,K5ZQ65X47KU986899,user02
342,NVDV1HTYNUU168147,user02
343,3U3N6HS8K3V143011,user02
344,MBKMABQOONK563483,user02
345,35TB5QWCJW0515619,user02
346,L2G40AKW0DV261314,user02
347,ZS1M7DGNG0B708125,user02
348,PUVTYE6IVGN271318,user02
349,VSGK3RYW2TC911641,user02
350,Z8UDI7LAGS7164830,user02
351,1U4MXLVV84A726331,user02
352,31ZQB40Z55B784788,user02
353,LN7ZMWGACVJ434473,user02
354,PEXVHDHEYM7282767,user02
355,ATWA3W65LU2848535,user02
356,OUXQFNQE2K7274854,user02
357,ZDR30CO5D6G733856,user02
358,0Y8HTOZ7K6L112375,user02
359,6KSCMBLK5DZ055754,user02
360,27J2LRAE38R945176,user02
361,8FX05ZAH64B316440,user02
362,V4JVFR4YRS7140562,user02
363,PUVTYE6IVGN271318,user02
364,F5BABPZQD3I737349,user02
365,LEWHC17RSR2225266,user02
366,MBKMABQOONK563483,user02
367,8BPZY476GS8852305,user02
368,MXF3EGT2PAG490479,user02
369,OUXQFNQE2K7274854,user02
370,0Y8HTOZ7K6L112375,user02
371,UVVEV0Y7R3V483738,user02
372,ZXZP2ADJFMJ124788,user02
373,35TB5QWCJW0515619,user02
374,E8MFMML51CM701156,user02
375,0Y8HTOZ7K6L112375,user02
376,L075CLEGAGV332326,user02
377,PUVTYE6IVGN271318,user02
378,F5BABPZQD3I737349,user02
379,K5ZQ65X47KU986899,user02
380,1WU1KQALZ75403546,user02
381,WJUY8SU2JR0730363,user02
382,05AJ273ZM02946325,user02
383,M6J2KWLLUKW587077,user02
384,5U2302GFYRL619555,user02
385,8C76DYYDYJU989849,user02
386,XG2F8AZ3DKK768039,user02
387,7YCPTKZS5B3163969,user02
388,KIYTRMRZHSZ939929,user02
389,2TN1NJUXESG344969,user02
390,35TB5QWCJW0515619,user02
391,EBZZN84J0L1163524,user02
392,LEWHC17RSR2225266,user02
393,PEXVHDHEYM7282767,user02
394,GC225MTL5DF831250,user02
395,NVDV1HTYNUU168147,user02
396,QHUYKEFC12W678012,user02
397,SJV51DZQ416158315,user02
398,QHUYKEFC12W678012,user02
399,30KBYEYBKH5669910,user02
400,L075CLEGAGV332326,user02
401,7W7UDF3KP41966929,user02
402,MXF3EGT2PAG490479,user02
403,PUVTYE6IVGN271318,user02
404,RUAW8E8S2SA826885,user02
405,RUAW8E8S2SA826885,user02
406,Z8UDI7LAGS7164830,user02
407,8C76DYYDYJU989849,user02
408,QHUYKEFC12W678012,user02
409,K5ZQ65X47KU986899,user02
410,3VWJ7G74MRP551283,user02
411,2TN1NJUXESG344969,user02
412,S7OOZE7TI6U419267,user02
413,0XHRC15HS5V123753,user02
414,OUXQFNQE2K7274854,user02
415,FWOYW8SJUH7074597,user02
416,30IT6VOHPTN692600,user02
417,G33VJW8N2FY389186,user02
418,LMC0DXV2F72475134,user02
419,QHUYKEFC12W678012,user02
420,30IT6VOHPTN692600,user02
421,S7OOZE7TI6U419267,user02
422,ATWA3W65LU2848535,user02
423,XUV6JR4Q8SX652578,user02
424,E8MFMML51CM701156,user02
425,CHA3G8GE21K992177,user02
426,7YCPTKZS5B3163969,user02
427,RUAW8E8S2SA826885,user02
428,S7OOZE7TI6U419267,user02
429,30IT6VOHPTN692600,user02
430,3VWJ7G74MRP551283,user02
431,PUVTYE6IVGN271318,user02
432,OOXPL1JMKRX336822,user02
433,MBKMABQOONK563483,user02
434,2CEDOZQS3WI014174,user02
435,ZDIFPMGLJRT329921,user02
436,LN7ZMWGACVJ434473,user02
437,H130KLLOZLY973998,user02
438,LEWHC17RSR2225266,user02
439,PEXVHDHEYM7282767,user02
440,38ZSAKVC20U930606,user02
441,8BPZY476GS8852305,user02
442,35TB5QWCJW0515619,user02
443,XUV6JR4Q8SX652578,user02
444,NQC3ODNRG8W618383,user02
445,66BVP1UV1VM384215,user02
446,L2G40AKW0DV261314,user02
447,3HWBBE541KJ068668,user02
448,JVT2Q6U7HLH559100,user02
449,G33VJW8N2FY389186,user02
450,L075CLEGAGV332326,user02
451,A2YAQD6KDWM503404,user02
452,SWME2EZ3HDD006687,user02
453,8BPZY476GS8852305,user02
454,K5ZQ65X47KU986899,user02
455,35TB5QWCJW0515619,user02
456,BHVL8OFSZ0G423785,user02
457,ZS1M7DGNG0B708125,user02
458,8FX05ZAH64B316440,user02
459,AFTWPBMU2TA534019,user02
460,MW7W375RHHU707116,user02
461,1J1RMS1AO48718511,user02
462,30KBYEYBKH5669910,user02
463,7YCPTKZS5B3163969,user02
464,5I71MA5PSO0445780,user02
465,3VWJ7G74MRP551283,user02
466,JAH4TXSVFRZ937654,user02
467,JVT2Q6U7HLH559100,user02
468,C0VHQRA5CIO857811,user02
469,JAH4TXSVFRZ937654,user02
470,RUAW8E8S2SA826885,user02
471,LEWHC17RSR2225266,user02
472,OUXQFNQE2K7274854,user02
473,MBKMABQOONK563483,user02
474,1D75678DO43448008,user02
475,6D300ABH65P725391,user02
476,OUIFCWSPPHR650293,user02
477,SROKG0OMKKQ394333,user02
478,V4JVFR4YRS7140562,user02
479,1J1RMS1AO48718511,user02
480,IOCT8QVK86C997015,user02
481,SGEAZM7OHRE981138,user02
482,E8MFMML51CM701156,user02
483,C0VHQRA5CIO857811,user02
484,L075CLEGAGV332326,user02
485,XUV6JR4Q8SX652578,user02
486,M58W6OQD1J3561088,user02
487,JAH4TXSVFRZ937654,user02
488,GKTLIDKGMZ6109105,user02
489,RUAW8E8S2SA826885,user02
490,PC02G0A675B935953,user02
491,8BPZY476GS8852305,user02
492,KSC5NS2WX0Q021711,user02
493,30KBYEYBKH5669910,user02
494,SWME2EZ3HDD006687,user02
495,ZDIFPMGLJRT329921,user02
496,A1NW00GFYRY803793,user02
497,M58W6OQD1J3561088,user02
498,1MF8O5K3V5X143850,user02
499,MT0OEZQ7C5Q035531,user02
500,K6NPKFWC2DG818634,user02
501,JAH4TXSVFRZ937654,user02
502,M58W6OQD1J3561088,user02
503,1MF8O5K3V5X143850,user02
504,FZ1HFZ585WR955503,user02
505,1J1RMS1AO48718511,user02
506,G33VJW8N2FY389186,user02
507,30KBYEYBKH5669910,user02
508,3VWJ7G74MRP551283,user02
509,PC02G0A675B935953,user02
510,05AJ273ZM02946325,user02
511,M58W6OQD1J3561088,user02
512,ZDR30CO5D6G733856,user02
513,B3V53WEVPX7253102,user02
514,1MF8O5K3V5X143850,user02
515,MW7W375RHHU707116,user02
516,FWOYW8SJUH7074597,user02
517,K5ZQ65X47KU986899,user02
518,SWME2EZ3HDD006687,user02
519,E8MFMML51CM701156,user02
520,JB6TJOH3G13545501,user02
521,G33VJW8N2FY389186,user02
522,3VWJ7G74MRP551283,user02
523,FZ1HFZ585WR955503,user02
524,JVT2Q6U7HLH559100,user02
525,LEWHC17RSR2225266,user02
526,ATWA3W65LU2848535,user02
527,JB6TJOH3G13545501,user02
528,8BPZY476GS8852305,user02
529,C0VHQRA5CIO857811,user02
530,RUAW8E8S2SA826885,user02
531,GKTLIDKGMZ6109105,user02
532,WSHBRYQYDCI202435,user02
533,JB6TJOH3G13545501,user02
534,JVT2Q6U7HLH559100,user02
535,K6NPKFWC2DG818634,user02
536,WMXOWCZE1MO140134,user02
537,C0VHQRA5CIO857811,user02
538,5U2302GFYRL619555,user02
539,RUAW8E8S2SA826885,user02
540,1D377TZAWSW801985,user02
541,1J1RMS1AO48718511,user02
542,1NVXI5JXG3Q330243,user02
543,JB6TJOH3G13545501,user02
544,SZAJTDBI6IL561669,user02
545,KSC5NS2WX0Q021711,user02
546,3KYD25BMOB3101135,user02
547,7T0CI3XEYJA004139,user02
548,G33VJW8N2FY389186,user02
549,30KBYEYBKH5669910,user02
550,OUIFCWSPPHR650293,user02
551,SROKG0OMKKQ394333,user02
552,8BPZY476GS8852305,user02
553,1J1RMS1AO48718511,user02
554,LEWHC17RSR2225266,user02
555,JB6TJOH3G13545501,user02
556,1NVXI5JXG3Q330243,user02
557,7T0CI3XEYJA004139,user02
558,0XJA8OD4GS2220202,user02
559,SWME2EZ3HDD006687,user02
560,7T0CI3XEYJA004139,user02
561,1MF8O5K3V5X143850,user02
562,WMXOWCZE1MO140134,user02
563,ZDIFPMGLJRT329921,user02
564,K6NPKFWC2DG818634,user02
565,G33VJW8N2FY389186,user02
566,C0VHQRA5CIO857811,user02
567,YB3M3MZEQ1J275307,user02
568,SZAJTDBI6IL561669,user02
569,6KSCMBLK5DZ055754,user02
570,7F3L3GAY4BB268957,user02
571,7T0CI3XEYJA004139,user02
572,7T0CI3XEYJA004139,user02
573,YB3M3MZEQ1J275307,user02
574,1NVXI5JXG3Q330243,user02
575,FZ1HFZ585WR955503,user02
576,30KBYEYBKH5669910,user02
577,SROKG0OMKKQ394333,user02
578,1J1RMS1AO48718511,user02
579,C0VHQRA5CIO857811,user02
580,0OZ6776OUA0065975,user02
581,CHA3G8GE21K992177,user02
582,5U2302GFYRL619555,user02
583,AFTWPBMU2TA534019,user02
584,JB6TJOH3G13545501,user02
585,YB3M3MZEQ1J275307,user02
586,SZAJTDBI6IL561669,user02
587,66BVP1UV1VM384215,user02
588,IHCVQSL87UO415387,user02
589,0XJA8OD4GS2220202,user02
590,JVT2Q6U7HLH559100,user02
591,YB3M3MZEQ1J275307,user02
592,0OZ6776OUA0065975,user02
593,5I71MA5PSO0445780,user02
594,6PSJQWZYS2J443879,user02
595,JB6TJOH3G13545501,user02
596,7T0CI3XEYJA004139,user02
597,Z8UDI7LAGS7164830,user02
598,K6NPKFWC2DG818634,user02
599,NQC3ODNRG8W618383,user02
600,05AJ273ZM02946325,user02
601,1J1RMS1AO48718511,user02
602,YB3M3MZEQ1J275307,user02
603,6PSJQWZYS2J443879,user02
604,WSHBRYQYDCI202435,user02
605,YR8K00OE58G720472,user02
606,E8MFMML51CM701156,user02
607,7T0CI3XEYJA004139,user02
608,F6TVSMY2L2Z886673,user02
609,C4QIGI5R0PE739600,user02
610,YR8K00OE58G720472,user02
611,SZAJTDBI6IL561669,user02
612,7T0CI3XEYJA004139,user02
613,IOCT8QVK86C997015,user02
614,ZS1M7DGNG0B708125,user02
615,M6J2KWLLUKW587077,user02
616,K6NPKFWC2DG818634,user02
617,A1NW00GFYRY803793,user02
618,SZAJTDBI6IL561669,user02
619,Z4SH0SHZI01062444,user02
620,3VWJ7G74MRP551283,user02
621,YR8K00OE58G720472,user02
622,P7UUVOVKPTD080947,user02
623,U3HSV2KCE0Y319532,user02
624,F6TVSMY2L2Z886673,user02
625,SJV51DZQ416158315,user02
626,1J1RMS1AO48718511,user02
627,3KYD25BMOB3101135,user02
628,3S8JO5UMV1Y166789,user02
629,SGEAZM7OHRE981138,user02
630,KG6S1KYGKY7383089,user02
631,F6TVSMY2L2Z886673,user02
632,0KQT4QWDSFO183874,user02
633,PHTKITC5C1H921363,user02
634,LEWHC17RSR2225266,user02
635,YR8K00OE58G720472,user02
636,GC225MTL5DF831250,user02
637,7Y1EAHONCCS732936,user02
638,R56SEOUUT0R265399,user02
639,ASBUY3C1GYP443816,user02
640,E8MFMML51CM701156,user02
641,TD5OFRN1LC8601752,user02
642,41AHCTXZIUN699904,user02
643,0XHRC15HS5V123753,user02
644,3S8JO5UMV1Y166789,user02
645,LN7ZMWGACVJ434473,user02
646,MYX14D30CZI581341,user02
647,5U2302GFYRL619555,user02
648,AZCPHC4R1RY522608,user02
649,3S8JO5UMV1Y166789,user02
650,2CEDOZQS3WI014174,user02
651,WSHBRYQYDCI202435,user02
652,MYX14D30CZI581341,user02
653,Z4SH0SHZI01062444,user02
654,OUIFCWSPPHR650293,user02
655,B3V53WEVPX7253102,user02
656,AN86IKI83LD618280,user02
657,GB5EB3AIUD0242483,user02
658,8C76DYYDYJU989849,user02
659,PHTKITC5C1H921363,user02
660,FWOYW8SJUH7074597,user02
661,Z4SH0SHZI01062444,user02
662,C4QIGI5R0PE739600,user02
663,3KYD25BMOB3101135,user02
664,66BVP1UV1VM384215,user02
665,41AHCTXZIUN699904,user02
666,SGEAZM7OHRE981138,user02
667,ZS1M7DGNG0B708125,user02
668,LN7ZMWGACVJ434473,user02
669,SJV51DZQ416158315,user02
670,IOCT8QVK86C997015,user02
671,5U2302GFYRL619555,user02
672,8C76DYYDYJU989849,user02
673,PHTKITC5C1H921363,user02
674,27J2LRAE38R945176,user02
675,58SXUC0BZIA446980,user02
676,CHA3G8GE21K992177,user02
677,8FX05ZAH64B316440,user02
678,1WU1KQALZ75403546,user02
679,XG2F8AZ3DKK768039,user02
680,P7UUVOVKPTD080947,user02
681,KSC5NS2WX0Q021711,user02
682,5I71MA5PSO0445780,user02
683,NQC3ODNRG8W618383,user02
684,MT0OEZQ7C5Q035531,user02
685,8HJHTFE0FGU264640,user02
686,FWOYW8SJUH7074597,user02
687,BHVL8OFSZ0G423785,user02
688,ZS1M7DGNG0B708125,user02
689,ABCX0O07N6F519334,user02
690,AN86IKI83LD618280,user02
691,AFTWPBMU2TA534019,user02
692,GC225MTL5DF831250,user02
693,CHA3G8GE21K992177,user02
694,0XJA8OD4GS2220202,user02
695,ZDIFPMGLJRT329921,user02
696,EBZZN84J0L1163524,user02
697,F5BABPZQD3I737349,user02
698,BHVL8OFSZ0G423785,user02
699,E5WGL31NMNQ304399,user02
700,ATWA3W65LU2848535,user02
701,MT0OEZQ7C5Q035531,user02
702,A1NW00GFYRY803793,user02
703,LN7ZMWGACVJ434473,user02
704,U3HSV2KCE0Y319532,user02
705,A2YAQD6KDWM503404,user02
706,0XHRC15HS5V123753,user02
707,3KYD25BMOB3101135,user02
708,Z4SH0SHZI01062444,user02
709,MT0OEZQ7C5Q035531,user02
710,3S8JO5UMV1Y166789,user02
711,NQC3ODNRG8W618383,user02
712,OUIFCWSPPHR650293,user02
713,WSHBRYQYDCI202435,user02
714,3S8JO5UMV1Y166789,user02
715,GKTLIDKGMZ6109105,user02
716,66BVP1UV1VM384215,user02
717,AZCPHC4R1RY522608,user02
718,ZS1M7DGNG0B708125,user02
719,FWOYW8SJUH7074597,user02
720,8FX05ZAH64B316440,user02
721,ZDIFPMGLJRT329921,user02
722,3KYD25BMOB3101135,user02
723,ASBUY3C1GYP443816,user02
724,ATWA3W65LU2848535,user02
725,P7UUVOVKPTD080947,user02
726,E8MFMML51CM701156,user02
727,WSHBRYQYDCI202435,user02
728,7Y1EAHONCCS732936,user02
729,IOCT8QVK86C997015,user02
730,27J2LRAE38R945176,user02
731,BHVL8OFSZ0G423785,user02
732,MYX14D30CZI581341,user02
733,OUIFCWSPPHR650293,user02
734,U3HSV2KCE0Y319532,user02
735,A2YAQD6KDWM503404,user02
736,3S8JO5UMV1Y166789,user02
737,41AHCTXZIUN699904,user02
738,U3HSV2KCE0Y319532,user02
739,B3V53WEVPX7253102,user02
740,AN86IKI83LD618280,user02
741,0XJA8OD4GS2220202,user02
742,CHA3G8GE21K992177,user02
743,PHTKITC5C1H921363,user02
744,0XHRC15HS5V123753,user02
745,2CEDOZQS3WI014174,user02
746,NQC3ODNRG8W618383,user02
747,XG2F8AZ3DKK768039,user02
748,ATWA3W65LU2848535,user02
749,WMXOWCZE1MO140134,user02
750,LN7ZMWGACVJ434473,user02
751,41AHCTXZIUN699904,user02
752,AN86IKI83LD618280,user02
753,3KYD25BMOB3101135,user02
754,A1NW00GFYRY803793,user02
755,SJV51DZQ416158315,user02
756,8C76DYYDYJU989849,user02
757,MT0OEZQ7C5Q035531,user02
758,OUIFCWSPPHR650293,user02
759,NQC3ODNRG8W618383,user02
760,0XHRC15HS5V123753,user02
761,FWOYW8SJUH7074597,user02
762,Z4SH0SHZI01062444,user02
763,3S8JO5UMV1Y166789,user02
764,E5WGL31NMNQ304399,user02
765,2CEDOZQS3WI014174,user02
766,7Y1EAHONCCS732936,user02
767,B3V53WEVPX7253102,user02
768,5I71MA5PSO0445780,user02
769,GC225MTL5DF831250,user02
770,3KYD25BMOB3101135,user02
771,EBZZN84J0L1163524,user02
772,Z4SH0SHZI01062444,user02
773,A1NW00GFYRY803793,user02
774,KSC5NS2WX0Q021711,user02
775,5I71MA5PSO0445780,user02
776,AN86IKI83LD618280,user02
777,LN7ZMWGACVJ434473,user02
778,U3HSV2KCE0Y319532,user02
779,ZDR30CO5D6G733856,user02
780,8FX05ZAH64B316440,user02
781,66BVP1UV1VM384215,user02
782,MT0OEZQ7C5Q035531,user02
783,MYX14D30CZI581341,user02
784,AN86IKI83LD618280,user02
785,05AJ273ZM02946325,user02
786,BNWE37HKK6A465562,user02
787,C4QIGI5R0PE739600,user02
788,0XHRC15HS5V123753,user02
789,3KYD25BMOB3101135,user02
790,F5BABPZQD3I737349,user02
791,Z4SH0SHZI01062444,user02
792,B3V53WEVPX7253102,user02
793,LN7ZMWGACVJ434473,user02
794,3S8JO5UMV1Y166789,user02
795,8C76DYYDYJU989849,user02
796,1D377TZAWSW801985,user02
797,FWOYW8SJUH7074597,user02
798,EBZZN84J0L1163524,user02
799,ATWA3W65LU2848535,user02
800,7Y1EAHONCCS732936,user02
801,E5WGL31NMNQ304399,user02
802,B3V53WEVPX7253102,user02
803,SGEAZM7OHRE981138,user02
804,Z4SH0SHZI01062444,user02
805,MYX14D30CZI581341,user02
806,1WU1KQALZ75403546,user02
807,LN7ZMWGACVJ434473,user02
808,ZDIFPMGLJRT329921,user02
809,MYX14D30CZI581341,user02
810,0XJA8OD4GS2220202,user02
811,AN86IKI83LD618280,user02
812,GC225MTL5DF831250,user02
813,NQC3ODNRG8W618383,user02
814,WSHBRYQYDCI202435,user02
815,E5WGL31NMNQ304399,user02
816,EBZZN84J0L1163524,user02
817,MT0OEZQ7C5Q035531,user02
818,Z4SH0SHZI01062444,user02
819,U3HSV2KCE0Y319532,user02
